-- phpMyAdmin SQL Dump
-- version 4.7.4
-- https://www.phpmyadmin.net/
--
-- Host: 127.0.0.1
-- Gegenereerd op: 18 apr 2019 om 12:08
-- Serverversie: 10.1.28-MariaDB
-- PHP-versie: 7.1.11

SET SQL_MODE = "NO_AUTO_VALUE_ON_ZERO";
SET AUTOCOMMIT = 0;
START TRANSACTION;
SET time_zone = "+00:00";


/*!40101 SET @OLD_CHARACTER_SET_CLIENT=@@CHARACTER_SET_CLIENT */;
/*!40101 SET @OLD_CHARACTER_SET_RESULTS=@@CHARACTER_SET_RESULTS */;
/*!40101 SET @OLD_COLLATION_CONNECTION=@@COLLATION_CONNECTION */;
/*!40101 SET NAMES utf8mb4 */;

--
-- Database: `inforca`
--

-- --------------------------------------------------------

--
-- Tabelstructuur voor tabel `groepen`
--

CREATE TABLE `groepen` (
  `id` int(11) NOT NULL,
  `naam` tinytext COLLATE utf8_bin NOT NULL,
  `beschrijving` text COLLATE utf8_bin NOT NULL,
  `link` tinytext COLLATE utf8_bin NOT NULL,
  `school` tinytext COLLATE utf8_bin NOT NULL
) ENGINE=InnoDB DEFAULT CHARSET=utf8 COLLATE=utf8_bin;

--
-- Gegevens worden geëxporteerd voor tabel `groepen`
--

INSERT INTO `groepen` (`id`, `naam`, `beschrijving`, `link`, `school`) VALUES
(1, 'test', 'Dit is een demo', 'https://github.com/renesteeman/Informatica-Methode-Xampp', 'test');

-- --------------------------------------------------------

--
-- Tabelstructuur voor tabel `planner`
--

CREATE TABLE `planner` (
  `id` int(11) NOT NULL,
  `titel` tinytext COLLATE utf8_bin NOT NULL,
  `beschrijving` text COLLATE utf8_bin NOT NULL,
  `progressie` tinytext COLLATE utf8_bin,
  `school` tinytext COLLATE utf8_bin NOT NULL,
  `klas` tinytext COLLATE utf8_bin,
  `datum` date DEFAULT NULL
) ENGINE=InnoDB DEFAULT CHARSET=utf8 COLLATE=utf8_bin;

--
-- Gegevens worden geëxporteerd voor tabel `planner`
--

INSERT INTO `planner` (`id`, `titel`, `beschrijving`, `progressie`, `school`, `klas`, `datum`) VALUES
(35, 'test1', 'test1', 'H1, ', 'test', 'A', '2019-08-29'),
(36, 'test2', 'test2', 'H1, H2, H5, H3, ', 'test', 'H51', '2018-08-30'),
(39, 'c', 'c', 'H1, H2, H3, H6, ', 'test', 'c', '2018-08-17'),
(40, 'opdracht', 'opdracht', 'H1, H2, ', 'test', 'klas1', '2018-09-17'),
(41, 'test', 'test', '', 'test', 'test', '1970-01-01'),
(42, 'test V', 'V1', 'V1, ', 'test', 'B', '2019-11-20');

-- --------------------------------------------------------

--
-- Tabelstructuur voor tabel `progressie`
--

CREATE TABLE `progressie` (
  `userid` int(11) NOT NULL,
  `H1` tinytext COLLATE utf8_bin,
  `H2` tinytext COLLATE utf8_bin,
  `H3` tinytext COLLATE utf8_bin,
  `H4` tinytext COLLATE utf8_bin,
  `H5` tinytext COLLATE utf8_bin,
  `H6` tinytext COLLATE utf8_bin,
  `V1` tinytext COLLATE utf8_bin,
  `V2` tinytext COLLATE utf8_bin,
  `V3` tinytext COLLATE utf8_bin,
  `V4` tinytext COLLATE utf8_bin,
  `V5` tinytext COLLATE utf8_bin,
  `B1` tinytext COLLATE utf8_bin,
  `B2` tinytext COLLATE utf8_bin
) ENGINE=InnoDB DEFAULT CHARSET=utf8 COLLATE=utf8_bin;

--
-- Gegevens worden geëxporteerd voor tabel `progressie`
--

INSERT INTO `progressie` (`userid`, `H1`, `H2`, `H3`, `H4`, `H5`, `H6`, `V1`, `V2`, `V3`, `V4`, `V5`, `B1`, `B2`) VALUES
(341, '11111', '1001', NULL, '1111', '111011', NULL, NULL, NULL, NULL, NULL, NULL, NULL, NULL),
(345, NULL, NULL, NULL, NULL, NULL, NULL, '1', NULL, NULL, NULL, '1010', '000100', NULL),
(353, NULL, NULL, NULL, NULL, NULL, NULL, NULL, NULL, NULL, NULL, NULL, NULL, NULL),
(359, NULL, NULL, NULL, NULL, NULL, NULL, NULL, NULL, NULL, NULL, NULL, '10101', NULL),
(361, '1000010', '0001110', NULL, NULL, NULL, NULL, '1    1', '11110', '11110', NULL, '1111', '000100', '011110'),
(953, '110000', '1000000', '000110000', '111100', NULL, NULL, '1100000', NULL, NULL, NULL, NULL, '111000', '011110'),
(960, '111111', NULL, NULL, NULL, NULL, NULL, '1111111', NULL, NULL, NULL, NULL, '111111', NULL);

-- --------------------------------------------------------

--
-- Tabelstructuur voor tabel `quiz`
--

CREATE TABLE `quiz` (
  `id` int(11) NOT NULL,
  `userid` int(11) NOT NULL,
  `hoofdstuk` tinytext COLLATE utf8_bin NOT NULL,
  `cijfer` float NOT NULL
) ENGINE=InnoDB DEFAULT CHARSET=utf8 COLLATE=utf8_bin;

--
-- Gegevens worden geëxporteerd voor tabel `quiz`
--

INSERT INTO `quiz` (`id`, `userid`, `hoofdstuk`, `cijfer`) VALUES
(6, 361, 'H1', 10),
(7, 360, 'B1', 4),
(8, 361, 'H2', 10),
(11, 361, 'V4', 4),
(12, 958, 'H1', 10),
(13, 953, 'H1', 2.5),
(14, 960, 'H3', 9),
(15, 960, 'H1', 9),
(16, 960, 'V1', 9),
(17, 960, 'B1', 9),
(18, 953, 'H5', 10),
(19, 953, 'H4', 10),
(20, 953, 'V2', 10),
(21, 953, 'V3', 10),
(22, 953, 'B2', 10);

-- --------------------------------------------------------

--
-- Tabelstructuur voor tabel `theorie`
--

CREATE TABLE `theorie` (
  `theory_id` int(11) NOT NULL,
  `school` tinytext COLLATE utf8_bin NOT NULL,
  `hoofdstuk` tinytext COLLATE utf8_bin NOT NULL,
  `paragraaf` tinytext COLLATE utf8_bin NOT NULL,
  `hoofdstuk_naam` tinytext COLLATE utf8_bin NOT NULL,
  `paragraaf_naam` tinytext COLLATE utf8_bin NOT NULL,
  `main` text COLLATE utf8_bin NOT NULL,
  `questions` text COLLATE utf8_bin,
  `answers` text COLLATE utf8_bin
) ENGINE=InnoDB DEFAULT CHARSET=utf8 COLLATE=utf8_bin;

--
-- Gegevens worden geëxporteerd voor tabel `theorie`
--

INSERT INTO `theorie` (`theory_id`, `school`, `hoofdstuk`, `paragraaf`, `hoofdstuk_naam`, `paragraaf_naam`, `main`, `questions`, `answers`) VALUES
(1, 'Inforca', 'H1', '1', 'Werking computer', 'Het binair systeem', '<p>Een computer \'begrijpt\' alleen nullen en enen. Informatie wordt in een computer altijd door middel van deze twee getallen opgeslagen. Of het nou gaat om letters, programma\'s of het beeld, het zijn allemaal nullen en enen.</p>\r\n\r\n			<p>Een bit heeft twee mogelijke waardes: 1 en 0. Een 1 geeft de aanwezigheid en 0 de afwezigheid van stroom aan. Er kan met dit binair systeem, een systeem met twee waarden, van alles worden weergegeven.</p>\r\n\r\n			<p>Dit binaire systeem werkt het beste als er meerdere 0\'en en 1\'en elkaar opvolgen, om zo voor veel mogelijkheden te zorgen. Hiermee kunnen dus ook grote hoeveelheden gegevens, oftewel data worden opgeslagen.</p>\r\n\r\n			<p>In het binair stelsel wordt van rechts naar links geteld. De waarde van een 1 wordt steeds groter als het verder links staat. In dit voorbeeld kun je zien hoe je in het binair stelsel tot 10 telt (met stappen van 1) en beginnend bij 0.</p>\r\n\r\n			<p>0, 1, 10, 11, 100, 101, 110, 111, 1000, 1001, 1010.</p>\r\n\r\n			<p>Alle 1\'en en 0\'en geven een volledige waarde weer. De waarde van de 1 wordt bepaald door de plek die deze binnen de reeks heeft. Helemaal rechts is het 1 waard en voor elke plek dat deze verder naar links staat verdubbeld zijn waarde. Een paar voorbeelden zijn:</p>\r\n\r\n			<p>Een 1 op de tweede plek van rechts is 2 waard, dus 10 in binair stelsel is 2 in het decimaal systeem.</p>\r\n\r\n			<p>Een 1 op de derde plek is 4 waard, dus een 100 in het binair stelsel is 4 in het decimaal systeem.</p>\r\n\r\n			<p>Een 1 op de vierde plek is 8 waard, dus een 1000 in het binair stelsel is 8 in het decimaal systeem.</p>\r\n\r\n			<p>Je kunt ook een 0 hieraan toevoegen. Dit hebt je bijvoorbeeld nodig om 5 weer te geven in decimaal, 101. Een vijf in binair is dus eigenlijk een vier en een, zoals twaalf in decimaal eigenlijk tien en twee is. Een 0 kan dus de waarde van een 1 verhogen, door de 1 naar links te \'duwen\'.</p>', '<ol>\r\n				<li>\r\n					Hoe wordt een nul en een één door een computer begrepen?\r\n				</li>\r\n				<li>\r\n					Vertaal 001, 011, 1001001 naar het decimale systeem (\'normale\' getallen)\r\n				</li>\r\n				<li>\r\n					Vertaal 5, 20 en 40 naar binair\r\n				</li>\r\n			</ol>', '<ol>\r\n				<li>\r\n					Wel stroom = 1, geen stroom = 0\r\n				</li>\r\n				<li>\r\n					1, 3, 73\r\n				</li>\r\n				<li>\r\n					101, 10100, 101000\r\n				</li>\r\n			</ol>'),
(2, 'Inforca', 'H1', '2', 'Werking computer', 'Binair rekenen', '<p>Optellen</p>\r\n\r\n			<p>Optellen in binair is niet ingewikkeld. Je telt het bovenste en het onderste getal bij elkaar op en in het geval van 1+1 krijg je dan 10 als uitkomst. Het is alleen zo dat je bij het optellen van binaire getallen vaker iets moet onthouden, omdat het vaker boven de grenswaarde (meer dan 1) uitkomt.</p>\r\n\r\n			<img src=\"./afbeeldingen/additie.svg\" class=\"theorieImage\" />\r\n\r\n			<p>Decimaal: 108+49 = 157, dus het klopt.</p>\r\n\r\n			<p>Getallen met elkaar verminderen</p>\r\n\r\n			<p>Ook dit is niet ingewikkeld. Je haalt steeds het onderste getal van het bovenste getal af. Als je op -1 uitkomt \'leen\' je van het volgende nummer.</p>\r\n\r\n			<img src=\"./afbeeldingen/aftrekken.svg\" class=\"theorieImage\" />\r\n\r\n			<p>Vermenigvuldigen</p>\r\n\r\n			<p>Vermenigvuldigen lijkt wat moeilijker, maar dit valt mee. Dit doe je door steeds het meest rechtste nummer van onder te vermenigvuldigen met de nummers van de bovenste rij. Dit gaat dus van rechts naar links. Als de rij af is ga je bij de onderste rij de stappen herhalen voor het getal dat een plek verder naar links staat. Je zet steeds de uitkomsten onder elkaar en telt ze op het einde bij elkaar op. Denk eraan om het antwoord per rij ook steeds een plek op te laten schuiven naar links, je kunt er ook steeds een nul achter zetten om dit te verduidelijken.</p>\r\n\r\n			<img src=\"./afbeeldingen/multiplicatie.svg\" class=\"theorieImage\" />\r\n\r\n			<p>\r\n				Binair delen is ook mogelijk, maar dit is vrij lastig (voor een mens) om te doen. We zullen dit dus niet gaan uitvoeren, omdat het simpelweg te complex wordt.\r\n			</p>', 'Binair rekenen\r\n			<ol class=\"MLquestion\">\r\n				<li>\r\n					Tel op\r\n\r\n					<ol>\r\n						<li>10111+01100</li>\r\n						<li>01111+1110101</li>\r\n						<li>001100111+01111100</li>\r\n					</ol>\r\n				</li>\r\n\r\n\r\n				<li>\r\n					Trek af\r\n\r\n					<ol>\r\n						<li>10110-11</li>\r\n						<li>10110-0110</li>\r\n						<li>110011-101110</li>\r\n					</ol>\r\n				</li>\r\n\r\n				<li>\r\n					Vermenigvuldig\r\n\r\n					<ol>\r\n						<li>111*000</li>\r\n						<li>101*101</li>\r\n						<li>11011*101111 </li>\r\n					</ol>\r\n				</li>\r\n\r\n			</ol>', '<ol class=\"MLquestion\">\r\n				<li>\r\n					Tel op\r\n\r\n					<ol>\r\n						<li>100011</li>\r\n						<li>10000100</li>\r\n						<li>11100011</li>\r\n					</ol>\r\n				</li>\r\n\r\n				<li>\r\n					Trek af\r\n\r\n					<ol>\r\n						<li>10011</li>\r\n						<li>10000</li>\r\n						<li>100</li>\r\n					</ol>\r\n				</li>\r\n\r\n				<li>\r\n					Vermenigvuldig\r\n\r\n					<ol>\r\n						<li>0</li>\r\n						<li>11001</li>\r\n						<li>1001010</li>\r\n					</ol>\r\n				</li>\r\n\r\n			</ol>'),
(3, 'Inforca', 'H1', '3', 'Werking computer', 'Gates', '<p>\'Gates\', oftewel poortjes in het Nederlands, zijn kleine schakelingen. De eenvoudigste (en tevens ook de belangrijkste) zijn AND en OR. Een gate ontvangt twee binaire waarden als input en vergelijkt deze twee bits.</p>\r\n\r\n			<p>Afhankelijk van welke gate en welke input het heeft ontvangen komt er een bepaalde output. Deze output is wederom een bit, het antwoord eigenlijk dus met ja of nee.</p>\r\n\r\n			<p>Bij AND is de output 1 als de twee bits in de input beide 1 zijn, dan kan de stroom namelijk erdoorheen (zie afbeelding). De naam AND is dus eigenlijk best logisch, want het heeft 1 en 1 nodig.</p>\r\n\r\n			<p>Bij OR moet minimaal een van de twee bits in de input 1 zijn om vervolgens een output van 1 uit te krijgen, maar twee keer 1 geeft ook de output 1. Alleen als de output twee keer 0 is zal de output bij een OR gate 0 zijn. De stroom kan dus doorgaan als er minimaal één keer een 1 als input is.</p>\r\n\r\n			<p>Als je deze poorten in een stroomcircuit gebruikt geld dat wanneer de output 1 is, de kring gesloten is (en er dus wel stroom kan circuleren), en bij 0 de kring open is (en er dus geen stroom kan circuleren).</p>\r\n\r\n			<p>Een voorbeeld van deze gates in een circuit is:</p>\r\n\r\n			<p>AND</p>\r\n\r\n			<img src=\"./afbeeldingen/AND.svg\" class=\"theorieImage\" />\r\n\r\n			<p>OR</p>\r\n\r\n			<img src=\"./afbeeldingen/OR.svg\" class=\"theorieImage\" />\r\n\r\n			<p>De grijze strepen zijn de mogelijke posities van de schakelaars. Als ze dicht zijn kan er stroom doorheen en als ze open zijn niet, 1 of 0.</p>', '<ol class=\"MLquestion\">\r\n				<li>\r\n					Neem als input de waarden 0 en 1 (in die volgorde).\r\n\r\n					<ol>\r\n						<li>Welk resultaat zal dit geven bij een AND-gate?</li>\r\n						<li>En bij een OR-gate?</li>\r\n						<li>Teken de AND- en OR-gates als een elektrisch circuit.</li>\r\n					</ol>\r\n				</li>\r\n			</ol>', '<ol class=\"MLquestion\">\r\n				<li>\r\n					<ol>\r\n						<li>0</li>\r\n						<li>1</li>\r\n						<li>\r\n							AND\r\n							<img src=\"./afbeeldingen/vraagAND.svg\" class=\"theorieImage\" />\r\n\r\n							OR\r\n							<img src=\"./afbeeldingen/vraagOR.svg\" class=\"theorieImage\" />\r\n\r\n						</li>\r\n					</ol>\r\n				</li>\r\n			</ol>'),
(9, 'Inforca', 'H1', '4', 'Werking computer', 'Onderdelen van de computer', '<p>Een computer werkt door veel gates samen te gebruiken om data te verplaatsen en te manipuleren. Om dit te doen zijn veel verschillende onderdelen nodig, maar niet alle onderdelen voeren berekeningen uit.</p>\r\n\r\n			<p>Andere onderdelen zorgen ervoor dat aan de randvoorwaarden wordt voldaan, bijvoorbeeld dat de data opgeslagen kan worden en dat er genoeg stroom is. De belangrijkste onderdelen van een computer worden hieronder genoemd.</p>\r\n\r\n			<p>Het hart van de computer is de CPU (Central Processing Unit). Dit is een chip die meestal maar een paar centimeter groot is, waarop alle algemene instructies worden uitgevoerd met behulp van de eerder besproken gates en dus het heen en weer halen van binaire getallen. Tegenwoordig heeft een CPU meerdere kernen, ook wel cores genoemd. Door middel van deze kernen kan de CPU aan meerdere opdrachten tegelijk werken. Elke kern werkt dan als een soort mini-CPU, maar dan niet met alle onderdelen die de gehele CPU heeft.</p>\r\n\r\n			<p>De CPU heeft namelijk niet alleen de onderdelen voor het rekenen, maar daarnaast ook andere onderdelen. Een voorbeeld hiervan zijn cache opslag en de nodige structuren om data door te kunnen sturen.</p>\r\n\r\n			<p>Cache is een vorm van hele snelle opslag, maar vaak met een kleine capaciteit (enkele MB\'s). Data dat snel verwerkt moet worden kan hierin worden opgeslagen, vaak is dat code om programma\'s te laten werken.</p>\r\n\r\n			<p>De snelheid van een CPU hangt af van meerdere factoren, voornamelijk: de IPC, frequentie, cache en de hoeveelheid kernen. De IPC is het aantal instructies dat per clock uitgevoerd kan worden. Een clock is een cyclus van instructies, bijvoorbeeld haal waardes van x naar y of voeg x toe aan y. De frequentie geeft aan hoeveel clocks er in een seconde uitgevoerd worden. Des te groter de cache, des te meer code snel uitgevoerd kan worden. De code hoeft dan niet meer gezocht te worden in langzamere vormen van opslag. Bij meer kernen kan er meer code tegelijk uitgevoerd worden.</p>\r\n\r\n			<img src=\"./afbeeldingen/CPU.png\" class=\"theorieImage small\" />\r\n\r\n			<p>RAM, Random Accessible Memory, slaat data op dat snel beschikbaar moet zijn. Zaken als het OS (bestuuringssysteem) en actieve programma\'s worden hierop gezet, zodat de CPU niet steeds verzoeken hoeft te sturen om gegevens van een schijf te krijgen en er dus veel sneller bij kan. Des te meer ram, des te meer informatie snel beschikbaar kan zijn.</p>\r\n\r\n			<img src=\"./afbeeldingen/RAM.png\" class=\"theorieImage small\" />\r\n\r\n			<p>Het moederbord is een soort hub waarop alle hardware op aangesloten is: de CPU, GPU, schijven (opslag), usb poorten, netwerkadapters en nog een heleboel andere zaken zitten allemaal hierop aangesloten. Het moederbord zorgt er dus voor dat alle onderdelen met elkaar kunnen communiceren.</p>\r\n\r\n			<img src=\"./afbeeldingen/MOBO.png\" class=\"theorieImage small\" />\r\n\r\n			<p>De GPU heeft heel veel kernen, maar weer een lagere frequentie ten opzichte van de CPU. Tevens is het lastiger om er bepaalde instructies op uit te voeren. De GPU kan dus vooral veel eenvoudige taken tegelijkertijd uitvoeren. Dit maakt het erg handig voor bijvoorbeeld het laden van beelden en het spelen van spellen. Het zorgt ervoor dat er een beeld is dat een aangesloten scherm kan weergeven. De GPU kan echter ook andere taken uitvoeren, maar deze zijn vrij geavanceerd. Denk hierbij aan het trainen van zelflerende programma\'s.</p>\r\n\r\n			<img src=\"./afbeeldingen/GPU.png\" class=\"theorieImage small\" />\r\n\r\n			<p>Er zijn meerdere soorten schijven. Deze zijn voornamelijk op te delen in twee types: de SSD (Solid State Drive) en de HDD (harddisk drive).</p>\r\n\r\n			<p>Verschillen tussen de SSD en de HDD:</p>\r\n\r\n			<div class=\"table-wrapper\">\r\n				<table>\r\n					<tr>\r\n						<th>Verschil</th>\r\n						<th>SSD</th>\r\n						<th>HDD</th>\r\n					</tr>\r\n					<tr>\r\n						<td>Opslagmethode</td>\r\n						<td>Data wordt opgeslagen in cellen die maar een beperkt aantal keer herschreven kunnen worden.</td>\r\n						<td>Magnetische ladingen worden aangebracht op een draaiende schijf.</td>\r\n					</tr>\r\n					<tr>\r\n						<td>Snelheid</td>\r\n						<td>Erg snel.</td>\r\n						<td>Vrij langzaam.</td>\r\n					</tr>\r\n					<tr>\r\n						<td>Veiligheid van data</td>\r\n						<td>Wanneer een SSD kapot gaat blijft de data vaak nog leesbaar en het is vaak van te voren in te schatten wanneer het gebeurd.</td>\r\n						<td>Wanneer een HDD kapot gaat is de data niet meer leesbaar.</td>\r\n					</tr>\r\n					<tr>\r\n						<td>Prijs</td>\r\n						<td>De prijs per GB is nu (in 2019) nog een stuk hoger dan bij een hdd, maar daalt snel.</td>\r\n						<td>De prijs per GB is erg laag, maar gaat niet snel omlaag.</td>\r\n					</tr>\r\n\r\n				</table>\r\n			</div>\r\n\r\n			<img src=\"./afbeeldingen/HDD.png\" class=\"theorieImage small inline\" />\r\n			<img src=\"./afbeeldingen/SSD.png\" class=\"theorieImage small inline\" />\r\n\r\n			<p>Afkortingen:</p>\r\n\r\n			<div class=\"table-wrapper\">\r\n				<table>\r\n					<tr>\r\n						<th>Afkorting</th>\r\n						<th>Volledige naam</th>\r\n						<th>Vertaling</th>\r\n					</tr>\r\n					<tr>\r\n						<td>CPU</td>\r\n						<td>Central Processing Unit</td>\r\n						<td>Centrale processoreenheid</td>\r\n					</tr>\r\n					<tr>\r\n						<td>RAM</td>\r\n						<td>Random Accessible Memory</td>\r\n						<td>Willekeurig toegankelijk geheugen</td>\r\n					</tr>\r\n					<tr>\r\n						<td>OS</td>\r\n						<td>Operating System</td>\r\n						<td>Besturingssysteem</td>\r\n					</tr>\r\n					<tr>\r\n						<td>GPU</td>\r\n						<td>Graphics Processing Unit</td>\r\n						<td>Grafische processoreenheid</td>\r\n					</tr>\r\n					<tr>\r\n						<td>SSD</td>\r\n						<td>Solid State Drive</td>\r\n						<td>Schijf zonder bewegende delen</td>\r\n					</tr>\r\n					<tr>\r\n						<td>HDD</td>\r\n						<td>Harddisk Drive</td>\r\n						<td>Harde schijf</td>\r\n					</tr>\r\n\r\n				</table>\r\n			</div>', '<ol class=\"MLquestion\">\r\n				<li>\r\n					Beschrijf in maximaal 10 woorden de functie van de volgende onderdelen (dit hoeft niet in volledige zinnen).\r\n\r\n					<ol>\r\n						<li>de CPU</li>\r\n						<li>de GPU</li>\r\n						<li>het moederbord</li>\r\n						<li>het RAM</li>\r\n					</ol>\r\n				</li>\r\n			</ol>', '<ol class=\"MLquestion\">\r\n				<li>\r\n					<ol>\r\n						<li>Het uitvoeren van algemene instructies.</li>\r\n						<li>Het uitvoeren van veel eenvoudige instructies tegelijkertijd.</li>\r\n						<li>Zorgen dat onderdelen onderling kunnen communiceren.</li>\r\n						<li>Het opslaan van data dat snel nodig is.</li>\r\n					</ol>\r\n				</li>\r\n			</ol>'),
(10, 'Inforca', 'H1', '5', 'Werking computer', 'Software en het OS', '<p>De computer kan taken uitvoeren door een grote reeks van instructies uit te voeren. Deze instructies worden geschreven in een programmeertaal die vervolgens vertaald wordt naar machinetaal die de computer kan begrijpen. Hoe je zelf code kunt schrijven leer je in een later hoofdstuk.</p>\r\n\r\n			<p>De basis van code bestaat uit variabelen. Dit zijn getallen of een stuk tekst waar je steeds dingen aan veranderd.</p>\r\n\r\n			<p>Verder komt er ook veel herhaling voor, een voorbeeld is het verversen van het beeldscherm. Dit gebeurt door pixel voor pixel van links naar rechts en van boven naar onder de kleur aan te passen (in RGBA*) en dat vaak 60 keer of meer per seconde! Door deze variabelen en herhaling te combineren samen met anderen instructies, kan een computer taken uitvoeren.</p>\r\n\r\n			<p>Het belangrijkste programma dat op een computer werkt is het OS (Operating System), oftewel het besturingssysteem. Dit zorgt ervoor dat het geluid, het bewegen van de cursor op het scherm en het toetsenbord allemaal werken.</p>\r\n\r\n			<p>Verder geeft het OS de mogelijkheid om andere programma\'s te laten werken die opdrachten kunnen geven aan het besturingssysteem. Ook zorgt het OS ervoor dat de rekenkracht goed wordt verdeeld over verschillende processen. Het werkt dus als een soort laag tussen de hardware (het fysieke deel) en de software (de code). De belangrijkste taak is misschien wel het registreren van input (data dat de gebruiker aan de computer geeft) en het terug kunnen geven van output, bijvoorbeeld het beeld of geluid. De vorm van de output wordt dan meestal wel weer door andere software geregeld, maar de OS maakt het mogelijk dat deze processen allemaal uitgevoerd kunnen worden.</p>\r\n\r\n			<p>*RGBA staat voor Red Green Blue Alpha. Alpha geeft aan hoe \'sterk\' de kleur moet zijn en is een waarde van 0 tot 1.</p>', NULL, NULL),
(11, 'Inforca', 'H1', '6', 'Werking computer', 'Standaardrepresentaties', '<p>\r\n				Een computer moet heel veel verschillende soorten data kunnen opslaan en gebruiken met alleen maar het binaire systeem. Sommige zaken lijken hiervoor misschien niet geschikt, zoals: afbeeldingen, geluid en letters. Voor deze soorten data zijn systemen ontwikkeld om ze te kunnen vertalen naar het binair systeem en in deze paragraaf ga je leren hoe dat in elkaar zit.\r\n			</p>\r\n			<p>\r\n				Afbeeldingen kun je zien als een heleboel kleine puntjes, oftewel pixels. Deze pixels hebben een kleur en deze bestaat uit een mix van rood, groen en blauw. Een computer vertaal zo\'n pixel naar RGB-waarde waarin staat hoeveel rood, groen en blauw die pixel bevat. Een hele reeks van pixels wordt dus een reeks RGB-waardes. Samen vormt zo\'n reeks RGB-waardes dus een afbeelding.\r\n			</p>\r\n			<p>\r\n				Video werkt niet erg anders, want video bestaat uit een reeks afbeeldingen. Als je dus een reeks met daarin weer die reeks van RGB-waardes zet kun je dus video binair opslaan.\r\n			</p>\r\n			<p>\r\n				Geluid kan gezien worden als een reeks toonhoogtes. Als je de toonhoogte omzet in een getal en dat voor alle toonhoogtes die achter elkaar voorkomen doet heb je al een geluidsbestand. Het is moeilijk om elk detail op te slaan, omdat er zo veel toonhoogtes voorkomen. Om toch ervoor te zorgen dat het haalbaar blijft wordt om een bepaalde de toonhoogte vastgelegd en niet voortdurend. Er gaat zo wel wat detail verloren, maar het bestand blijft beperkt in grote. Er is immers minder data nodig om het geluid weer te geven. Als je de hoeveelheid data dat gebruikt wordt om iets op te slaan verkleint heet dit compressie.\r\n			</p>\r\n			<p>\r\n				Letters kunnen ook worden omgezet naar een binair getal. Er zijn hiervoor verschillende afspraken gemaakt die andere getallen toekennen aan een teken. Een paar bekende systemen zijn: ASCII en UTF. Een voorbeeld van zo\'n waarde dat een getal representeert in ASCII is 1000001 (65), dit staat voor \'A\'. Een belangrijk verschillen systemen zoals ASCII en UTF is het aantal karakters dat ze kunnen weergeven en hoeveel opslag ervoor nodig is. Des te meer karakters opgeslagen kunnen worden, hoe meer opslag er nodig is. Er zijn namelijk meer unieke waardes nodig om alle karakters te kunnen onderscheiden.\r\n			</p>', '<ol>\r\n				<li>\r\n					Wat is compressie?\r\n				</li>\r\n				<li>\r\n					Hoe kan video ook wel gezien worden?\r\n				</li>\r\n			</ol>', '<ol>\r\n				<li>\r\n					Iets opslaan met minder data. Hier gaat soms ook kwaliteit bij verloren.\r\n				</li>\r\n				<li>\r\n					Als een reeks frames of zelfs als een reeks van een reeks van RGB-waardes (van pixel -> frame -> video).\r\n				</li>\r\n			</ol>'),
(12, 'Inforca', 'H2', '1', 'Logica', 'Introductie tot logica', '<p>\r\n				Logica is het combineren van feiten om nieuwe feiten op te kunnen stellen. Een bekend voorbeeld is de uitspraak: \"Alle mensen zijn stervelingen. Socrates is een mens. Dus Socrates is een sterveling.\" Twee feiten vormen hier dus het derde feit.\r\n			</p>\r\n\r\n			<p>\r\n				Logica is een vorm van wiskunde die vrij abstract lijkt. Het heeft zijn eigen notaties en betekenissen. Er wordt veel gebruik gemaakt van sets. Dit zijn eigenlijk groepen objecten of getallen, bijvoorbeeld katten, honden of priemgetallen.\r\n			</p>\r\n\r\n			<p>\r\n				Een van de andere regels bij logica is dat het +-teken union (samenvoeging) betekent. Dit wordt gebruikt bij de sets. Je kunt met + dus sets samenvoegen.  X (maal) betekent intersection (overlap). Dit kan ook voor sets gebruikt worden.  Verder betekent 1 alles, zoals in een set met auto\'s, hier betekent 1 alle auto\'s.\r\n			</p>\r\n\r\n			<p>\r\n				Een andere notatie voor + is ∪ en voor maal is ꓵ. ∪ kun je zien als bij elkaar en ꓵ als \'en\'.\r\n			</p>\r\n\r\n			<p>\r\n			Voorbeelden:\r\n			</p>\r\n\r\n			<p>\r\n				Stel set 1 bestaat uit katten. We delen set 1 in op basis van kleur; wit, grijs en bruin. We korten deze kleuren af met W, G en B. Je kunt nu zeggen dat bij set 1 W+G+B=1, want alle katten van deze set vallen onder die drie kleuren. Zo is W+G=1-B, alle katten met uitzondering van de bruine zijn wit of grijs. Er komen nu 0 rode (R) katten bij, nu is R=0, want geen enkele kat is rood.\r\n			</p>\r\n\r\n			<p>\r\n				Stel we hebben nu 5 witte, 2 grijze, 6 bruine en 0 rode katten. W+G of W ∪ G bevat dus 7 katten (5+2). Van de 5 witte katten zijn 3 man (M) en 2 vrouw (V). M x W of M ꓵ W bevat dus 3 katten, want 3 witte katten zijn man.\r\n			</p>', '<ol class=\"MLquestion\">\r\n				<li>\r\n					Stel er zijn 4 intel computers (I), 3 AMD computers (A) en 2 gemengde computers (M). Hoeveel computers zijn er in de volgende gevallen?\r\n\r\n					<ol>\r\n						<li>A + I</li>\r\n						<li>I &cap; A</li>\r\n						<li>A &cup; I</li>\r\n						<li>1</li>\r\n					</ol>\r\n				</li>\r\n			</ol>', '<ol>\r\n				<li>\r\n					7 (= 4+3)\r\n				</li>\r\n				<li>\r\n					7 (= 4+3)\r\n				</li>\r\n				<li>\r\n					0, geen AMD computer is hier ook een Intel computer\r\n				</li>\r\n				<li>\r\n					9 (= 4+3+2)\r\n				</li>\r\n			</ol>'),
(13, 'Inforca', 'H2', '2', 'Logica', 'Visuele logica', '<p>\r\n				De verbanden tussen sets kunnen ook visueel worden weergeven, bijvoorbeeld in de vorm van cirkels. Stel set 1 bevat 27, 3, 8, 21 en 6. Set 2 bevat 3, 0, 20, 8 en 4.\r\n			</p>\r\n			<p>\r\n				Set 1 &cap; 2 is dan:\r\n				<img src=\"./afbeeldingen/logic2Mul.svg\" class=\"theorieImage\" />\r\n			</p>\r\n			<p>\r\n				Set 1 ∪ set 2 is dan weer te geven als:\r\n				<img src=\"./afbeeldingen/logic2Add.svg\" class=\"theorieImage\" />\r\n			</p>\r\n			<p>\r\n				Of:\r\n				<img src=\"./afbeeldingen/logic2MulCom.svg\" class=\"theorieImage\" />\r\n			</p>', '<ol class=\"MLquestion\">\r\n				<li>\r\n					<ol>\r\n						<li>Teken set 1 ∪ set 2 inclusief de getallen</li>\r\n						<li>Teken set 1 ꓵ set 2 inclusief de getallen</li>\r\n					</ol>\r\n				</li>\r\n			</ol>', '<ol class=\"MLquestion\">\r\n				<li>\r\n					Stel set 1 bevat 1, 3, 20, 6 en 400. Set 2 bevat 1, 6, 200, 8 en 4.\r\n					<ol>\r\n						<li><img src=\"./afbeeldingen/logic2Ans1.svg\" class=\"theorieImage\" /></li>\r\n						<li><img src=\"./afbeeldingen/logic2Ans2.svg\" class=\"theorieImage\" /></li>\r\n					</ol>\r\n				</li>\r\n			</ol>'),
(14, 'Inforca', 'H2', '3', 'Logica', 'Binair', '<p>\r\n				Een andere manier om logica te gebruiken is met booleans, oftewel ja of nee, true or false, 1 of 0.\r\n				Stel ik wil een witte kat met korte staart of een mannetjes kat v (v = of) een groene kat. Oftewel W(it)*K(ort)+M(an)+G(roen). Maal kan hier als \'en\' gezien worden en \'+\' als of. Stel ik vind een bruine mannetjes kat, dan kan ik dat weergeven als: 0*0+1+0=1, dus het voldoet. NB (nota bene/let op) 1+1=1, want true+true=true.\r\n			</p>\r\n			<p>\r\n				Een computer voert deze taken uit met de gates die in H1 besproken zijn.\r\n			</p>', '<ol>\r\n				<li>\r\n					Noem minimaal vijf mogelijke stappen die je volgt als je een auto wilt kopen.\r\n				</li>\r\n				<li>\r\n					Je wilt een mail sturen naar klasgenoten waarvan de naam niet begint met een r, jonger zijn dan 18, ouder dan 16 en graag naar de bioscoop gaan en actiefilms leuk vinden. Noem de stappen die een programma kan volgen om een mail te sturen naar deze klasgenoten, noteer minimaal 5 stappen.\r\n				</li>\r\n			</ol>', '<ol class=\"MLquestionAlt\">\r\n				<li>\r\n					Juiste mogelijke stappen (er is meer mogelijk):\r\n					<ol>\r\n						<li>Kiezen tussen de verschillende soorten aandrijvingen; elektrisch, gas, benzine, diesel of op waterstof?</li>\r\n						<li>Kiezen hoe snel het moet zijn</li>\r\n						<li>Het budget bepalen</li>\r\n						<li>Een kleur kiezen</li>\r\n						<li>Bezoeken dealer</li>\r\n						<li>Testrit maken</li>\r\n						<li>Opties bekijken</li>\r\n						<li>Betalen</li>\r\n					</ol>\r\n				</li>\r\n				<li>\r\n					Juiste mogelijke stappen (er is meer mogelijk):\r\n					<ol>\r\n						<li>Schrijf alle namen op van klasgenoten</li>\r\n						<li>Streep de namen door van mensen waarvan de naam met r begint</li>\r\n						<li>Je noteert van de overige mensen de leeftijd</li>\r\n						<li>Je kijkt of de leeftijd van de klasgenoten tussen de 16 en 18 jaar ligt</li>\r\n						<li>Je vraagt aan deze mensen of ze graag naar de bioscoop gaan</li>\r\n						<li>De mensen die nee antwoorden streep je op de lijst door</li>\r\n						<li>Je vraagt aan de mensen die over zijn of ze actiefilms leuk vinden</li>\r\n						<li>Je vraagt aan de mensen die nog over zijn wat hun e-mailadres is</li>\r\n						<li>Je stelt een mail op</li>\r\n						<li>Je vult de adressen in van de overgebleven personen in</li>\r\n						<li>Je stuurt de mail</li>\r\n					</ol>\r\n				</li>\r\n			</ol>'),
(15, 'Inforca', 'H2', '4', 'Logica', 'Logica en programmeren', '<p>\r\n				Het opdelen van een probleem is erg belangrijk. Voornamelijk bij logisch nadenken en dus ook bij programmeren.  Als je een project gaat uitvoeren moet je een groot probleem in kleinere stukken kunnen hakken om te zorgen voor overzicht. Het wordt dan makkelijker om de problemen op te lossen.\r\n			</p>\r\n\r\n			<p>\r\n				Stel je wilt een website gaan maken, dan moet je eerst bedenken wat voor soort website het moet worden: hoe het gaat heten, wat wordt de structuur en hoe moet het eruit gaan zien, enz. Daarna kun je de logica van de site in stukken hakken. Stel je de flow van het programma op, oftewel hoe dingen met elkaar verbonden zijn en wat wanneer gebeurt. Een flow kan bijvoorbeeld zijn: ga naar de startpagina, klik op login, vul gegevens in, klik op submit, laat een script de gegevens analyseren, controleer de gegevens en bepaal of iemand ingelogd moet worden. Je kunt ook de taken indelen onder bepaalde programmeertalen, sommige talen zijn namelijk beter voor bepaalde problemen dan andere.\r\n			</p>\r\n\r\n			<p>\r\n				Als je vervolgens gaat programmeren kun je de stappen die je al bedacht hebt makkelijker omzetten in code. Je weet namelijk al wat de structuur van het programma gaat worden en hoeft niet steeds iets aan te passen door een veranderende structuur. Het is dus handig om eerst na te denken over hoe jouw programma in elkaar moet zitten voordat je het daadwerkelijk gaat ontwikkelen.\r\n			</p>', '<ol class=\"MLquestion\">\r\n				<li>\r\n					Beschrijf in maximaal 10 woorden de functie van de volgende onderdelen (dit hoeft niet in volledige zinnen).\r\n\r\n					<ol>\r\n						<li>de CPU</li>\r\n						<li>de GPU</li>\r\n						<li>het moederbord</li>\r\n						<li>het RAM</li>\r\n					</ol>\r\n				</li>\r\n			</ol>', '<ol class=\"MLquestion\">\r\n				<li>\r\n					<ol>\r\n						<li>Het uitvoeren van algemene instructies.</li>\r\n						<li>Het uitvoeren van veel eenvoudige instructies tegelijkertijd.</li>\r\n						<li>Zorgen dat onderdelen onderling kunnen communiceren.</li>\r\n						<li>Het opslaan van data dat snel nodig is.</li>\r\n					</ol>\r\n				</li>\r\n			</ol>'),
(16, 'Inforca', 'H2', '5', 'Logica', 'Automaten', '<p>\r\n				Eindige automaten zijn systemen waarmee mogelijke processen worden vastgelegd. Het klinkt erg lastig, maar weest gerust.\r\n			</p>\r\n			<p>\r\n				Een voorbeeld zal hierbij helpen. Je wilt online een boek gaan kopen, maar weet nog niet welk boek. Je kunt dan een paar stappen volgen en er zijn verschillende uitkomsten mogelijk.\r\n			</p>\r\n			<img src=\"./afbeeldingen/automaat.svg\" />\r\n			<p>\r\n				Je legt dus vast welke toestanden er mogelijk zijn en hoe toestanden elkaar opvolgen.\r\n			</p>\r\n			<p>\r\n				Als de kans dat een bepaalde route gevolgd wordt 100% is dan is het deterministisch, dat is bij het voorbeeld niet het geval. Het is mogelijk dat je boek wel of niet te duur vindt, het is van tevoren niet zeker.\r\n			</p>\r\n			<p>\r\n				Herhaling is ook mogelijk, zo als te zien is in het voorbeeld bij de pijl van \"Je vindt het te duur\" naar \"Je gaat zoeken\".\r\n			</p>', '<ol>\r\n				<li>\r\n					Maak zelf een automaat voor het gebruiken van een wasstraat. Je mag zelf bepalen wat de mogelijkheden precies zijn.\r\n				</li>\r\n			</ol>', '<ol>\r\n				<li>\r\n					<img src=\"./afbeeldingen/automaatAntwoord.svg\" />\r\n				</li>\r\n			</ol>'),
(17, 'Inforca', 'H2', '6', 'Logica', 'Grammatica', '<p>\r\n				Grammatica is een set regels waar aan voldaan moet worden om een bruikbare waarde te hebben. Denk maar aan het Nederlands. Een \'zin\' zoals \"Gaan winkel de we zo naar voor boodschappen voor komende week!\" is niet bruikbaar, een zin zoals \"Gaan we naar de winkel voor boodschappen voor komende week?\" is wel bruikbaar. Bij informatica geld hetzelfde principe, een bruikbare waarde moet aan een aantal eisen voldoen.\r\n			</p>\r\n			<p>\r\n				Een voorbeeld voor bij informatica is de opbouw van een postcode, die is al volgt cijfer + cijfer + cijfer + cijfer + letter + letter. Zo kun je bijvoorbeeld 1234AB krijgen, maar niet B23A41. Zo\'n regel of opbouw kun je voor allerlei dingen gebruiken, denk aan: telefoonnummers, adressen, leeftijden en e-mailadressen.\r\n			</p>\r\n			<p>\r\n				Het is ook mogelijk om deze grammaticaregels in een schema weer te geven.\r\n			</p>\r\n			<img src=\"./afbeeldingen/grammatica.svg\" />\r\n			<p>\r\n				Bij straatnaam zie je een voorbeeld van herhaling, namelijk de pijl die na letter terug gaat naar voor letter. Het betekent hier dat een onbekend aantal letters achter elkaar mag voorkomen.\r\n			</p>\r\n			<p>\r\n				Bij letter zie je een voorbeeld van meerdere opties, namelijk de vertakkingen boven elkaar. Deze vertakkingen beteken dat elk van de boven elkaar staande waardes geaccepteerd wordt. Je ziet ook drie puntjes tussen \'b\' en \'c\'. Deze puntjes betekenen dat alle waardes die ertussen horen ook goed zijn, dit mag alleen gebruikt worden wanneer het duidelijk naar welke waardes het refereert. In dit geval gaat het om alle kleine letters.\r\n			</p>', '<ol>\r\n				<li>\r\n					Hoe ziet de grammatica voor een punt van een toets eruit?\r\n				</li>\r\n			</ol>', '<ol>\r\n				<li>\r\n					<img src=\"./afbeeldingen/grammaticaAntwoord.svg\" />\r\n				</li>\r\n			</ol>'),
(18, 'Inforca', 'V1', '1', 'Filosofie en AI', 'Wat is filosofie?', '<p>Filosofie of wijsbegeerte kan worden gezien als de studie van kennis en stelt vragen over het bestaan, rationaliteit en kennis met als doel om de persoon als een individu beter te maken.</p>\r\n\r\n			<p>Vaak zijn filosofische vragen fundamenteel en abstract, je leert filosofie vaak door zelfreflectie in plaats van experimenten. Dit betekent ook dat wijsbegeerte niet een empirische wetenschap is. Empirisme neemt aan dat kennis uit ervaring en experimenten komt, zo zijn wetenschappen zoals natuurkunde en scheikunde empirisch. Hier tegenover staat rationalisme en formele wetenschappen waarin kennis gebaseerd is op rationaliteit en logica. Wiskunde en logica vallen hieronder.</p>\r\n\r\n			<p>Filosofie en programmeren vallen beide onder de formele wetenschappen, en hebben meerdere overeenkomsten. Ze volgen bijvoorbeeld vergelijkbare denkstappen, zowel filosofie en programmeren pakken grote problemen en vraagstukken aan die je niet in een keer kan oplossen, je moet het verdelen in kleinere, begrijpelijke vragen.</p>', '<ol class=\"MLquestion\">\r\n				<li>\r\n					Deze vragen hebben geen concrete antwoorden, ze zijn reflecties van wie je bent en hoe je denkt. Probeer het standpunt van jouw antwoord te nemen en het te discussiëren met iemand met een verschillend standpunt.\r\n\r\n					<ol>\r\n						<li>Heb je vrij wil?</li>\r\n						<li>Wat is een goede daad?</li>\r\n						<li>Kan kunstmatige intelligentie bestaan?</li>\r\n					</ol>\r\n				</li>\r\n			</ol>', '<ol class=\"MLquestionAlt2\">\r\n				<li>\r\n					Hier zijn antwoorden van verschillende filosofische stromingen:\r\n\r\n					<ol>\r\n						<li>\r\n							<ol>\r\n								<li>\r\n									Breinreductionisten (Victor Lamme): De vrije wil bestaat niet, de mens is een resultaat van chemische processen in het brein. Het zelf is een illusie.\r\n								</li>\r\n								<li>\r\n									René Descartes: Je kunt aan alles twijfelen behalve het ik. Het ik is degene die twijfelt. Het ik is een onstoffelijke geest die het lichaam bestuurt.\r\n								</li>\r\n							</ol>\r\n						</li>\r\n						<li>\r\n							<ol>\r\n								<li>\r\n									Hedonisme: Een daad is goed wanneer ik er blij van word. Genot is het belangrijkste doel in het leven en is hetgeen waar iedereen naar moet streven.\r\n								</li>\r\n								<li>\r\n									Immanuel Kant: Een daad is goed wanneer een maatschappij er beter van wordt als iedereen dit doet. Bijvoorbeeld: \"Liegen is niet een goede daad omdat een maatschappij niet kan bestaan als iedereen tegen elkaar zou liegen.\r\n								</li>\r\n								<li>\r\n									Utilitarisme (Jeremy Bentham): Het is een goede daad wanneer het resultaat positief is.\r\n								</li>\r\n							</ol>\r\n						</li>\r\n						<li>\r\n							<ol>\r\n								<li>\r\n									Ja, een AI is een brein van silicium en is in staat om veel sneller en efficiënter te werken dan een menselijk brein.\r\n								</li>\r\n								<li>\r\n									Nee, AI is een programma en bestaat uit door mens geschreven code en kan niet emoties ervaren dat centraal staat tot een mens. Een AI kan wel simuleren dat het emoties heeft zoals blijheid en verdriet maar ervaart ze niet. Dit zorgt voor een fundamentele verschil in bewustzijn.\r\n								</li>\r\n							</ol>\r\n						</li>\r\n					</ol>\r\n				</li>\r\n			</ol>'),
(19, 'Inforca', 'V1', '2', 'Filosofie en AI', 'Wat is ethiek?', '<p>In de vorige paragraaf heb je de vraag, \"Wat is een goede daad?\" beantwoord. Dit is een van de ingewikkeldste vragen in de filosofie en vormt een stroming in de filosofie genaamd ethiek. Ethiek is de studie waarin men de concepten van goed en slecht systematiseert en verdedigd.\r\n			</p>\r\n\r\n			<p>Digitale technologieën zoals het internet, mobieltjes en programmeren zijn relatief nieuw en de regels hiervan zijn vaak onduidelijk. Daarom is het belangrijk om, wanneer je een programma schrijft, rekening te houden met wat voor een invloed het heeft op jouw omgeving.</p>\r\n\r\n			<p>Een paar vragen die je je kunt afvragen zijn:</p>\r\n\r\n			<ul>\r\n				<li>Mag je een programma schrijven dat data van gebruikers vertaalt naar mogelijke reclames?</li>\r\n\r\n				<li>Mag je iets maken dat in staat is om mensen te bespioneren via hun microfoons?</li>\r\n			</ul>\r\n\r\n			<p>Verschillende groepen mensen hebben een richtlijn hierover gecreëerd, zo heeft de ACM (Association for Computing Machinery) een ethische code gemaakt:</p>\r\n\r\n			<ul>\r\n				<li>Draag bij aan de maatschappij en menselijk welzijn</li>\r\n\r\n				<li>Schaad anderen niet</li>\r\n\r\n				<li>Wees eerlijk en betrouwbaar</li>\r\n\r\n				<li>Waardeer intellectueel eigendommen</li>\r\n\r\n				<li>Respecteer privacy</li>\r\n\r\n				<li>Behoud de geheimplicht en deel dus geen informatie onnodig met anderen.</li>\r\n			</ul>', '<ol class=\"MLquestion\">\r\n				<li>\r\n					Deze vragen hebben geen concrete antwoorden, ze zijn reflecties van wie je bent en hoe je denkt. Probeer het standpunt van jouw antwoord in te nemen en erover te discussiëren met iemand met een ander standpunt.\r\n\r\n					<ol>\r\n						<li>Mag je iets maken dat intelligentie van mensen kan berekenen?</li>\r\n						<li>Mag je iets maken dat vrije wil van mensen mag overschrijven?</li>\r\n					</ol>\r\n				</li>\r\n			</ol>', '<ol class=\"MLquestionAlt2\">\r\n				<li>\r\n					Hier zijn mogelijke antwoorden met verschillende filosofische richtingen:\r\n\r\n					<ol>\r\n						<li>\r\n							<ol>\r\n								<li>\r\n									Voorbeeld wel: Binnen educatie is personalisatie belangrijk, kinderen appreciëren het wanneer een leraar ze beter kent, een programma dat intelligentie kan berekenen kan er voor zorgen dat kinderen betere educatie krijgt en niet constant van niveaus veranderen.\r\n								</li>\r\n								<li>\r\n									Voorbeeld niet: Hoewel een programma dat in staat is om intelligentie op massale schaal kan berekenen niet direct een van de ACM richtlijnen overschrijdt betekent niet dat het ethisch goed is. Gebruik logica om te voorspellen wat een programma als dit kan doen. Wanneer mensen in staat zijn om anderen te onderscheiden gebaseerd op een zichtbaar verschil zullen extremere groepen mensen kunnen categoriseren. Mensen kunnen privileges en banen krijgen gebaseerd op IQ.\r\n								</li>\r\n								<li>\r\n									Richting gevolgenethiek: We baseren ethiek op het resultaat, wanneer een actie meer positieve dan negatieve gevolgen heeft dat is het ethisch goed. Een positief gevolg is gebaseerd op hoeveel goed het brengt in de wereld. Een actie zoals dit zal meer kans hebben om misbruikt te worden en is ethisch niet goed.\r\n								</li>\r\n								<li>\r\n									Richting plichtethiek: Kant geloofde in het categorische imperatief. Dit betekent dat wanneer een actie door iedereen in een samenleving wordt uitgevoerd en de maatschappij blijft neutraal of wordt hier beter op, dan is de actie ethisch goed. Bijvoorbeeld: Als iedereen in een maatschappij zou liegen, dan zal de maatschappij niet beter ervan worden, het zal juist uit elkaar vallen. Daarom is liegen nooit ethisch goed in de ogen van Kant. Een programma om intelligentie te berekenen heeft een grote risico op de samenleving en is dus ethisch niet goed.\r\n								</li>\r\n								<li>\r\n									Richting nihilisme: Friedrich Nietzsche geloofde in het nihilisme. Nihilisme is wanneer je denkt dat mensen zo onbelangrijk zijn in het universum dat het leven al zijn betekenis heeft verloren. Nietzsche geloofde ook dat de mens moet proberen een betekenis en een doel voor zichzelf moet creëren, de mens moet proberen een doel in het leven te vinden en zo een hogere mens worden. De hogere mens kan dan de normale mens achterlaten en verder evolueren. Een programma dat intelligentie kan berekenen kan dit process versnellen en de mensheid \"verbeteren\", daarom is dit ethisch wel een goed doel om te hebben.\r\n								</li>\r\n							</ol>\r\n						</li>\r\n						<li>\r\n							<ol>\r\n								<li>\r\n									Voorbeeld wel: Geheimen kunnen gevaarlijk zijn voor een samenleving. Wanneer je het vrije wil van een terrorist overschrijft kan je verdere aanvallen voorkomen.\r\n								</li>\r\n								<li>\r\n									Voorbeeld niet: We leven in een liberale samenleving waarin menselijke vrijheid centraal staat. Om vrijheid te overschrijven is gelijk aan fundamentele rechten van de mens te verbreken.\r\n								</li>\r\n								<li>\r\n									Richting gevolgenethiek: Hoewel er goede gevolgen kunnen komen van een machine zoals dit, zijn de negatieve gevolgen veel te extreem. Dit is een ethisch slechte actie.\r\n								</li>\r\n								<li>\r\n									Plichtsethiek: Als in een samenleving de vrije wil van iedereen kan worden overschreven zal dit resulteren in een samenleving waarin iedereen veilig is in de ruil voor vrijheid. Als je veiligheid over vrijheid prioriteert zal dit een goede actie zijn, als je vrijheid ziet als een belangrijke recht voor de mens dan is dit een slechte actie.\r\n								</li>\r\n							</ol>\r\n						</li>\r\n					</ol>\r\n				</li>\r\n			</ol>'),
(20, 'Inforca', 'V1', '3', 'Filosofie en AI', 'Het trein probleem', '<p>Stel je voor dat je in een treinwagon zit en op het spoor voor je zit een wissel, op spoor A staat één mens, op spoor B staan vijf mensen. Je kunt de trein niet stoppen. Wat doe je?</p>\r\n\r\n			<ol>\r\n				<li>\r\n					Je volgt spoor A.\r\n				</li>\r\n				<li>\r\n					Je volgt spoor B.\r\n				</li>\r\n				<li>\r\n					Je maakt geen keuze.\r\n				</li>\r\n			</ol>\r\n\r\n			<p>Voor de meeste mensen is dit een makkelijke keuze, wanneer je het (mensen)leven waardeert zal je willen dat zo min mogelijk mensen dood gaan. Volgens de gevolgenethiek van Bentham en Mill zou je dus spoor A volgen en de vijf mensen redden.</p>\r\n\r\n			<p>Er zijn meerdere varianten van dit denk-experiment, wat nou als er anderen mensen en aantallen gebruikt worden? Wat zou je kiezen als je moest kiezen tussen:</p>\r\n\r\n			<ol class=\"MLquestion\">\r\n				<li>\r\n					<ol>\r\n						<li>\r\n							vijf mensen\r\n						</li>\r\n						<li>\r\n							zes mensen\r\n						</li>\r\n					</ol>\r\n				</li>\r\n				<li>\r\n					<ol>\r\n						<li>\r\n							een jong kind\r\n						</li>\r\n						<li>\r\n							5 gepensioneerden\r\n						</li>\r\n					</ol>\r\n				</li>\r\n				<li>\r\n					<ol>\r\n						<li>\r\n							Koning Willem-Alexander\r\n						</li>\r\n						<li>\r\n							Een geschiedenis student\r\n						</li>\r\n					</ol>\r\n				</li>\r\n				<li>\r\n					<ol>\r\n						<li>\r\n							Een natuurkunde professor\r\n						</li>\r\n						<li>\r\n							Een ICT professor\r\n						</li>\r\n					</ol>\r\n				</li>\r\n				<li>\r\n					<ol>\r\n						<li>\r\n							Jouw ouders\r\n						</li>\r\n						<li>\r\n							5 onschuldige mensen\r\n						</li>\r\n					</ol>\r\n				</li>\r\n			</ol>\r\n\r\n			<p>Zoals je waarschijnlijk al hebt gemerkt zijn sommige keuzes makkelijker dan de andere. De vraag is natuurlijk wat dit te maken heeft met programmeren.</p>\r\n\r\n			<p>Stel, Elon Musk is een grote fan van jouw programma\'s en neemt jou aan als een developer voor de zelfrijdende Tesla auto\'s. Hoewel het doel van een Tesla is om menselijke fouten te vermijden zijn sommige fouten onvermijdelijk. Als een Tesla rond aan het rijden is met een familie die net terugkomt van Disneyland gebeurt het volgende: twee straten voordat ze thuiskomen steekt een groep kinderen van groep 4 over. De Tesla kan nu of:</p>\r\n\r\n			<ol>\r\n				<li>\r\n					Tegen een boom aan botsen en het leven van de familie riskeren en de kinderen van groep 4 redden.\r\n				</li>\r\n				<li>\r\n					Proberen uit te wijken en riskeren om tegen de kinderen te botsen.\r\n				</li>\r\n			</ol>\r\n\r\n			<p>Een computer is niet in staat om dit probleem op te lossen. Wat moet jij als programmeur hier aan doen? Als mens heb je een set normen en waarden, regels die jou zijn aangeleerd vanaf dat je geboren bent. Je mag bijvoorbeeld niet zomaar stelen of liegen. Een algoritme heeft dat niet. Wanneer een computer moet bepalen wie het moet aanrijden denkt het niet aan interpersoonlijke relaties, het denkt niet aan de waarde die mensen hebben in de samenleving, dat is jouw taak.</p>\r\n\r\n			<p>Dus, je krijgt nu de onmogelijke taak, je moet waardes geven aan mensen. Hoe kun je dat doen? Sommige mensen zullen claimen dat alle mensen gelijk aan elkaar staan, dat is geen slecht begin. We beginnen we met de regel:</p>\r\n\r\n			<p>-Probeer zo weinig mogelijk mensen te verwonden.</p>\r\n\r\n			<p>We hebben natuurlijk meer regels nodig, want soms moet je een keuze maken waarbij evenveel mensen bij keuze A of B benadeeld worden. We kunnen bijvoorbeeld zeggen dat mensen boven de 68 jaar minder meetellen. Ze contribueren tenslotte minder aan een maatschappij. Dus:</p>\r\n\r\n			<p>-Mensen boven de 68 jaar worden niet geprioriteerd.</p>\r\n\r\n			<p>Maar, als we mensen zouden prioriteren gebaseerd op hun nuttigheid in de maatschappij, moeten we dan de werklozen en drugsverslaafden ook minder meetellen? Het volgt dezelfde regel, dus:</p>\r\n\r\n			<p>-Mensen krijgen een andere telling gebaseerd op hun contributie in de maatschappij.</p>\r\n\r\n			<p>Zo kun je natuurlijk doorgaan, begin met regels op te stellen en ga door totdat je een heel regelboek hebt bedacht voor jouw Tesla. Nu is het tijd om het in de praktijk uit te testen. Laten we hiervoor de A en B vragen nemen die eerder zijn gesteld. Wat zou de Tesla volgens jou moeten kiezen voor het beste resultaat?</p>\r\n\r\n			<ol class=\"MLquestion\">\r\n				<li>\r\n					<ol>\r\n						<li>\r\n							vijf mensen\r\n						</li>\r\n						<li>\r\n							zes mensen\r\n						</li>\r\n					</ol>\r\n				</li>\r\n				<li>\r\n					<ol>\r\n						<li>\r\n							een jong kind\r\n						</li>\r\n						<li>\r\n							5 gepensioneerden\r\n						</li>\r\n					</ol>\r\n				</li>\r\n				<li>\r\n					<ol>\r\n						<li>\r\n							Koning Willem-Alexander\r\n						</li>\r\n						<li>\r\n							Een geschiedenis student\r\n						</li>\r\n					</ol>\r\n				</li>\r\n				<li>\r\n					<ol>\r\n						<li>\r\n							Een natuurkunde professor\r\n						</li>\r\n						<li>\r\n							Een ICT professor\r\n						</li>\r\n					</ol>\r\n				</li>\r\n				<li>\r\n					<ol>\r\n						<li>\r\n							Jouw ouders\r\n						</li>\r\n						<li>\r\n							5 onschuldige mensen\r\n						</li>\r\n					</ol>\r\n				</li>\r\n			</ol>\r\n\r\n			<p>Misschien heb je het al opgemerkt, maar nu ben je niks anders aan het doen dan het opstellen van waarden aan mensen gebaseerd op verschillende eigenschappen.</p>', NULL, NULL),
(21, 'Inforca', 'V1', '4', 'Filosofie en AI', 'Informatica en de maatschappij', '<p>\r\n				Je hebt nu gezien dat ook bij informatica keuzes gemaakt moeten worden die een invloed hebben op de maatschappij. Deze paragraaf gaan we verder met dit onderwerp aan de hand van een paar voorbeelden.\r\n			</p>\r\n			<p>\r\n				Het internet heeft de wereld flink veranderd en is mogelijk geweest door de vele ontwikkelingen op het gebied van informatica. Waar voorheen mensen nog zaken moesten opzoeken in boeken of iemand moesten bellen is er vandaag het internet. Het zorgt ervoor dat je makkelijker met mensen kunt communiceren en snel iets kunt opzoeken.\r\n			</p>\r\n			<p>\r\n				Social media hebben ook een grote invloed op de maatschappij. Je kunt nu zien waar iemand vorige week geweest is, hoe zijn laatste vakantie was of wat er nu actueel is. Aan een kant zorgt het ervoor dat mensen beter met elkaar verbonden zijn en informatie meer mensen kan bereiken. Aan de andere kant raken er mensen verslaafd aan of worden er depresief door en ook privacy heeft er flink onder te leiden. De cultuur is ook veranderd door sociale media. Sommige mensen maken bijvoorbeeld een foto en delen deze online als ze ergen heen gaan of ze delen verhalen over wat ze hebben meegemaakt met miljarden mensen. Sociale media kan ook gebruikt worden om jouw mening te delen en actie te voeren, denk bijvoorbeeld aan de \'me too\' beweging.\r\n			</p>\r\n			<p>\r\n				Je ziet dat informatica grote invloed kan hebben op de maatschappij en dat dit zowel goed als slecht kan zijn. Het is dus belangrijk om goed na te denken over wat de gevolgen kunnen zijn van ontwikkelingen waar jij misschien wel aan gaat meewerken.\r\n			</p>', '<ol>\r\n				<li>\r\n					Wat vind je zelf van de invloed van informatica op de cultuur?\r\n				</li>\r\n			</ol>', '<ol>\r\n				<li>\r\n					Eigen antwoord\r\n				</li>\r\n			</ol>');
INSERT INTO `theorie` (`theory_id`, `school`, `hoofdstuk`, `paragraaf`, `hoofdstuk_naam`, `paragraaf_naam`, `main`, `questions`, `answers`) VALUES
(22, 'Inforca', 'V1', '5', 'Filosofie en AI', 'Kunstmatige intelligentie', '<p>Kunstmatige intelligentie is een wetenschappelijk veld waarin het creëren en gebruik van software dat beslissingen kan maken wordt besproken. Je hebt vast wel van films zoals The Matrix en Terminator gehoord, maar hoe heeft dit met informatica en met jou te maken? In deze paragraaf ga je kennismaken met AI en de basis ervan leren. AI brengt veel filosofische met zich mee en is een snel veranderd veld.</p>\r\n\r\n			<p>AI wordt vaak verdeeld in twee soorten, \"strong\" AI en \"weak\" AI.</p>\r\n\r\n			<p>Weak AI</p>\r\n\r\n			<p>Weak AI bestaat al in onze maatschappij, een Tesla analyseert wat er om zich heen is en probeert niet ergens tegen te botsen, het programma is gemaakt om de de auto te besturen en het kan niks anders. Dit is gebaseerd op technologieën zoals machine learning. Een weak AI is dus een AI met maar één doel. Wanneer je de opdracht geeft aan een weak AI om zo veel mogelijk ijsjes te maken kan het alle mensen vermoorden, veranderen naar een pasta en zo vlees ijsjes maken. Het heeft dus wel duidelijke regels nodig! Deze regels worden verwerkt in een score systeem, des te beter het resultaat, des te meer punten. Een AI kan hiermee getraind worden en zich zo goed mogelijk te \'gedragen\'.</p>\r\n\r\n			<p>In onze samenleving wordt weak AI toegepast op verschillende industrieën, omdat een weak AI sneller en efficiënter is dan een mens, kan het gemakkelijk simpele taken en banen vervangen. Dit heeft gevolgen voor allerlei industrieën De mensen die hun banen verliezen zijn vaak niet in staat om een nieuwe opleiding te gaan volgen. Het kan resulteren in massale werkloosheid en daardoor een economische of sociale crisis. Het kan er ook voor zorgen dat de mens niet meer of minder hoeft te werken en meer vakantie heeft.</p>\r\n\r\n			<p>Strong AI</p>\r\n\r\n			<p>Strong AI bestaat nog niet voor ons, maar in theorie zal het een programma zijn dat de volledig het diepte van menselijk begrip en logica kan volgen, waaronder dus ook emoties. Het verschil tussen deze vorm van AI en een mens is dat de AI veranderingen kan aanbrengen in zijn code. Een mens doet miljoenen jaren erover om zijn brein significant te verbeteren, een computer kan makkelijk een nieuw cpu krijgen en nog sneller \'denken\'.</p>\r\n\r\n			<p>\r\n				Een korte uitleg van de werking van AI\r\n			</p>\r\n\r\n			<p>\r\n				AI is een veld met daarin meerdere subvelden, zo valt machine learning er ook onder en onder machine learning valt deep learning. Machine learning wordt gebruikt om data te voorspellen door het kunnen maken van een formule dat zo accuraat mogelijk verschillende waardes benaderd. Deze ingevoerde data kan bijvoorbeeld een lijst van cijfers zijn van een leerling waarmee zijn volgende cijfer voorspelt kan worden.\r\n			</p>\r\n\r\n			<p>\r\n				Deep learning gaat nog een stap verder, hierbij worden modellen (programma\'s) gemaakt die imiteren wat in de hersenen gebeurt bij het maken van keuzes. Zo\'n model, een neural network genoemd begint met verschillende waardes die aangeven hoe zwaar een waarde vanuit de gegeven data meegeteld moet worden in een soort grote formule. Het model levert dan een waarde als resultaat, dit kan bijvoorbeeld een percentage zijn dat aangeeft hoe zeker het is dat een bepaald object getoond is of een getal dat aangeeft wat een student als cijfer gaat halen. Het gaat dan steeds meer data door en corrigeert zichzelf waardoor het steeds zijn gewichten, de waardes die bepalen hoeveel iets meetelt in de \'formule\' kan verbeteren.\r\n			</p>\r\n\r\n			<p>\r\n				Een simpel voorbeeld van zo\'n neural network is een programma dat \'geleerd\' heeft te voorspellen of in een foto een kat of hond zichtbaar is. Een neural network is dus een programma dat probeert een waarde te voorspellen, dit kan een getal zijn (bijvoorbeeld een cijfer voor een toets) of een categorie (bijvoorbeeld hond of kat).\r\n			</p>\r\n\r\n			<p>\r\n				Misschien denk je nu dat AI de oplossing is voor alle problemen, maar dat is het zeker niet. AI is goed voor het voorspellen van waardes, maar voor veel zaken zijn ze vaak niet nodig. Het kost ook vaak veel moeite om een AI te ontwikkelen en het is niet altijd efficient om een AI te gebruiken. Je gaat bijvoorbeeld geen AI maken om een .pdf om te zetten naar een .docx. Het zou wel handig kunnen zijn voor het voorspellen of een student een studie gaat halen en misschien aan de hand daarvan bijles te regelen. Een AI is over het algemeen goed als snel en vaak een keuze of voorspelling gemaakt moet worden.\r\n			</p>', '<ol class=\"MLquestionAlt2\">\r\n				<li>\r\n					Geef bij de volgende problemen aan of deze geschikt zijn om opgelost te worden met AI.\r\n					<ol>\r\n						<li>Het automatisch dimmen van lichten aan de hand van de lichtintensiteit.</li>\r\n						<li>Het voorspellen hoeveel persoon veganist zullen zijn in 2030.</li>\r\n						<li>Voorspellen of een foto een kat of hond bevat voor 5000000 foto\'s.</li>\r\n						<li>Het bepalen van de locatie van een overvaller door de politie aan de hand van zijn geschiedenis.</li>\r\n					</ol>\r\n				</li>\r\n\r\n				<li>\r\n					De volgende vragen hebben geen concrete antwoorden, ze zijn reflecties van wie je bent en hoe je denkt. De antwoorden hieronder zijn dus maar voorbeelden. Probeer het standpunt van jouw antwoord te nemen en het te discussiëren met iemand met een verschillend standpunt.\r\n\r\n					<ol>\r\n						<li>\r\n							Wat is een utopia die zich kan voldoen door AI?\r\n						</li>\r\n						<li>\r\n							Wat is een dystopia die zich kan voldoen door AI?\r\n						</li>\r\n						<li>\r\n							Hoe moet je AI controleren?\r\n						</li>\r\n						<li>\r\n							Vanaf wanneer is AI gelijkwaardig aan een mens?\r\n						</li>\r\n					</ol>\r\n				</li>\r\n			</ol>', '<ol class=\"MLquestionAlt2\">\r\n				<li>\r\n					<ol>\r\n						<li>\r\n							AI is hiervoor overbodig en dus niet erg geschikt.\r\n						</li>\r\n						<li>\r\n							Dit is een voorspelling die niet vaak plaats zal vinden en het maken van AI is waarschijnlijk niet de moeite waard, dit kan beter met een \'handmatige\' voorspelling worden gedaan.\r\n						</li>\r\n						<li>\r\n							Een AI is hiervoor geschikt, het gaat namelijk om een voorspelling die vaak gedaan moet worden. Het zou heel veel tijd kosten voor een mens om elke foto na te gaan.\r\n						</li>\r\n						<li>\r\n							Een AI is hiervoor geschikt, want het gaat om lastige voorspellingen die vaak gedaan moeten worden. Een dief zal zich namelijk (kunnen) blijven voorplaatsen en er zijn best veel dieven. De AI is dus nuttig en kan best moeite waard zijn.\r\n						</li>\r\n					</ol>\r\n				</li>\r\n				<li>\r\n					<ol>\r\n						<li>\r\n							In een wereld waarin de mensheid succesvol AI leert te controleren zal AI wetenschappelijke velden zoals natuurkunde en wiskunde ondersteunen of zelfs overnemen, hierdoor zal de kwaliteit van menselijk leven omhoog gaan.\r\n						</li>\r\n						<li>\r\n							In een wereld waarin de mensheid AI heeft gemaakt zonder het te kunnen controleren zal de AI de mensheid kunnen manipuleren tot het punt waarbij we allemaal moeten buigen aan een AI overlord. Niet een onbekend probleem.\r\n						</li>\r\n						<li>\r\n							Dus, de sleutel tot een AI utopia is het controleren van de AI. Hoe kunnen we dit doen? Volgens de populaire science fiction schrijver \"Isaac Asimov\" kan je door middel van drie wetten een AI controleren.\r\n\r\n							Een robot mag een mens geen letsel toebrengen, noch, door passief te blijven, een mens letsel laten overkomen.\r\n\r\n							Een robot moet de door mensen gegeven orders gehoorzamen behalve wanneer die orders in strijd zijn met de Eerste Wet.\r\n\r\n							Een robot moet zichzelf beschermen zolang of voor zover dat niet met de Eerste of Tweede Wet in strijd is.\r\n\r\n							Hoewel deze wetten de grootste problemen oplossen, heeft het toch loopholes. Zo kan een AI een de politiek in gaan, het kan nog steeds mensen besturen zonder dat de drie wetten worden verbroken.\r\n						</li>\r\n						<li>\r\n							In het geval van strong AI kan een robot zelfbewustzijn claimen, maar waar kunnen we de lijn van zelfbewustzijn neerzetten?\r\n\r\n							In het gedachte-experiment van Frank Jackson wordt de volgende situatie beschreven.\r\n\r\n							Mary is meisje dat is opgegroeid in een zwart en witte kamer. Er is een TV in zwart-wit. Mary kan zichzelf niet zien. Ze besteedt haar hele leven om kleuren te bestuderen, wat is blauw, wat is rood etc. Ze ontdekt de golflengtes dat de menselijke oog kan innemen en hoe de brein dit opneemt. Op haar 18e verjaardag krijgt ze als cadeau een rode appel, leert Mary nu iets nieuws?\r\n\r\n							De vraag achter dit gedachte-experiment is of er een verschil is tussen het leren van iets en het ervaren van iets. Dit is ook appliceerbaar op het idee van bewustzijn. Als een strong AI (we noemen hem Karel) alles leert over het brein en het brein kan simuleren, heeft Karel dan bewustzijn bereikt? En zo ja, is hij dan gelijkwaardig aan een mens?\r\n						</li>\r\n\r\n					</ol>\r\n				</li>\r\n			</ol>'),
(23, 'Inforca', 'V1', '6', 'Filosofie en AI', 'Machine learning voorbeeld', '<p>\r\n        In deze paragraaf ga je leren een simpel machine learning programma te maken. We zullen het zo eenvoudig mogelijk houden, want het wordt al snel erg lastig en zou niet meer geschikt zijn voor de middelbare school.\r\n			</p>\r\n\r\n			<p>\r\n        Voordat we kunnen beginnen is het nodig om anaconda geïnstalleerd te hebben (zie hoofdstuk 3 paragraaf 2). We zullen alle code gaan schrijven in jupyter notebook. Het notebook voor deze paragraaf is te krijgen via <a href=\"../../../downloads/Machine learning.ipynb\" download>deze link</a> en de dataset die erbij hoort via <a href=\"../../../downloads/dataset.csv\" download>deze link</a>. Het notebook geeft een voorbeeld van lineaire regressie, dat is het opstellen van een rechte lijn aan de hand van een aantal gegeven waardes. Het lees prijzen in uit een soort excel bestand waar een huis met een bepaalde grote bij hoort. Het model gaat vervolgens uitrekenen welke rechte lijn het dichtbij alle gegeven punten ligt. Je zou dan kunnen voorspellen welke waarde bij een gegeven prijs of grote van een huis past door het af te lezen uit de grafiek.\r\n			</p>\r\n\r\n			<p>\r\n        Je kunt dezelfde code vrij gemakkelijk aanpassen voor een eigen dataset. De dataset moet dan wel voldoen aan een lineaire relatie, oftewel er moet een rechte lijn zijn die dicht bij de waardes in de dataset moet kunnen komen. Om het model aan te passen hoef je dan alleen maar de variabele \'data\' gelijk te zetten jouw dataset als je deze een andere naam wilt geven dan \'dataset.csv\'. Let op dat het wel een .csv (comma seperated values) bestand moet zijn, je kunt ook een excel bestand omzetten naar een csv bestand. Je moet dan de waardes voor de x- en y-as kiezen en de naam ervan veranderen op de plekken waar nu x en y staat, denk ook de namen voor de assen in de grafieken. Vervolgens moet je dan nog de waardes voor de coëfficiënt van const en jouw gekozen variabele aflezen en deze invoeren in de formule yhat (yhat betekent de voorspelde y waarde).\r\n			</p>', '<ol>\r\n        <li>\r\n          Wat is een dataset?\r\n        </li>\r\n        <li>\r\n          Wat is lineaire regressie? (niet te ingewikkeld denken)\r\n        </li>\r\n        <li>\r\n          Hoeveel zou een huis met grote 800 waarschijnlijk kosten?\r\n        </li>\r\n        <li>\r\n          Hoe groot zal een huis met als prijs 400000 waarschijnlijk zijn?\r\n        </li>\r\n        <li>\r\n          Dan nu een uitdaging. Maak zelf een dataset (verzin hiervoor wat waardes of zoek er een op) en pas het model aan zodat het werkt voor jouw nieuwe data.\r\n        </li>\r\n      </ol>', '<ol>\r\n        <li>\r\n          Een aantal gegeven waardes die een bestand staan.\r\n        </li>\r\n        <li>\r\n          Lineaire regressie is een methode om een rechte lijn op te stellen dat zo dicht mogelijk langs alle gegeven punten komt.\r\n        </li>\r\n        <li>\r\n          300000\r\n        </li>\r\n        <li>\r\n          1300\r\n        </li>\r\n        <li>\r\n          Tip: pas regel 9 (optioneel), 12, 13, 17, 18, 32 (blok 2 regel 3), 34 en 35 aan. Het precieze antwoord ligt af van hoe je het hebt aangepakt.\r\n        </li>\r\n      </ol>'),
(24, 'Inforca', 'B1', '1', 'Web development', 'Introductie', '<p>\r\n				In dit hoofdstuk ga je leren hoe je een (eenvoudige) website kunt maken. Hiervoor leer je HTML en CSS. HTML wordt voornamelijk gebruikt voor de inhoud en structuur van de pagina en CSS voor de opmaak (het goed uit laten zien van de site).\r\n			</p>\r\n			<p>\r\n				Er zijn heel veel verschillende technologieën en talen die gebruikt kunnen worden voor websites. Ze worden onderverdeeld tussen front-end en back-end. Front-end is wat de gebruiker ziet of aan de kant van de gebruiker werkt en back-end is wat op de server wordt gebruikt. In dit hoofdstuk richten we ons tot front-end.\r\n			</p>\r\n			<p>\r\n				Een webpagina heeft 3 \'hoofdonderdelen\': een head, body en footer. Head is meestal de navigatiebalk, body is de \'inhoud\' en de footer is meestal een balk onderaan met algemene info. Het meeste zul je dus bezig zijn met de body. Hierin heb je dingen zoals tekstblokken en afbeeldingen.\r\n			</p>\r\n			<p>\r\n				De code van een echte website wordt opgeslagen op een server, dit is eigenlijk een gewone computer, maar dan zonder dingen zoals een beeldscherm. Deze staan vaak met grote aantallen bij elkaar. Als iemand naar de website toe gaat, dan stuurt de computer eigenlijk een bericht naar die server waarin het vraagt voor de bestanden. De server stuurt de bestanden en de browser (het programma waarmee je dit leest) zet de code in die bestanden om in iets dat je kunt zien, zoals deze pagina.\r\n			</p>\r\n			<p>\r\n				Om te kijken hoe een site in elkaar zit, kun je de developer modus gebruiken. Dit doe je door in de browser op F12 te klikken. Hiermee kun je zien welke HTML en CSS gebruikt worden en dus hoe de website is opgebouwd. Met de inspector kun je de structuur van de pagina zien. De onderdelen kun je \'uit klappen\' via het pijltje ervoor. Met de knop links boven die eruit ziet als een pagina met een cursor kun je delen van de site aanklikken en hun structuur te zien krijgen in de inspector.\r\n			</p>', '<ol>\r\n				<li>\r\n					Bekijk de structuur van deze pagina (met F12) en schrijf 5 onderdelen op. Doe dit in het formaat: &lt;html onderdeel> inhoud. Je kunt de html onderdelen herkennen door de haken < >, wat ze precies zijn leer je nog. Hetzelfde soort element mag herhaald worden, maar dan moet de inhoud anders zijn.\r\n				</li>\r\n			</ol>', '<ol class=\"MLquestion\">\r\n				<li>\r\n					1) Er zijn meerdere antwoorden mogelijk, enkele hiervan zijn:\r\n\r\n					<ol>\r\n						<li>\r\n							&lt;body> waar alles in staat\r\n						</li>\r\n						<li>\r\n							&lt;footer> met contact informatie\r\n						</li>\r\n						<li>\r\n							&lt;header> met navigatie\r\n						</li>\r\n						<li>\r\n							&lt;div> met de inhoud van de pagina\r\n						</li>\r\n						<li>\r\n							&lt;div> met de blauwe balken\r\n						</li>\r\n						<li>\r\n							&lt;p> met tekst erin\r\n						</li>\r\n						<li>\r\n							&lt;div> met vragen erin\r\n						</li>\r\n					</ol>\r\n\r\n				</li>\r\n\r\n			</ol>'),
(25, 'Inforca', 'B1', '2', 'Web development', 'De basis van HTML', '<p>\r\n				Zoals eerder genoemd bestaat een webpagina vaak uit 3 belangrijke onderdelen: de header, de body en de footer. Een HTML bestand zonder inhoud ziet er dan als volgt uit:\r\n			</p>\r\n\r\n<pre><code>&lt;html>\r\n\r\n&lt;head>\r\n&lt;/head>\r\n\r\n&lt;header>\r\n&lt;/header>\r\n\r\n&lt;body>\r\n&lt;/body>\r\n\r\n&lt;footer>\r\n&lt;/footer>\r\n\r\n&lt;/html></code></pre>\r\n\r\n			<p>\r\n				Het valt misschien op dat er ook &lt;head> bij staat, hierin zet je normaal algemene dingen die de pagina nodig heeft om te werken, al wordt dit tegenwoordig ook vaak in de &lt;footer> gezet zodat eerst de inhoud van de pagina geladen wordt en daarna pas de rest, dan lijkt de pagina sneller te zijn. Zo kan er verwezen worden naar een css bestand of een andere code.\r\n			</p>\r\n			<p>\r\n				Je ziet ook dat onderdelen beginnen met &lt;TAG> en eindigen met &lt;TAG/>, dit komt bij bijna elk element (onderdeel) in HTML voor. Tussen deze \'tags\' kun je de inhoud zetten. In plaats van de tekst \"TAG\" komt er natuurlijk de naam van het element.\r\n			</p>\r\n			<p>\r\n				Deze \'tags\' vormen samen de webpagina. Een website is dus eigenlijk een verzameling van blokken met eventueel opmaak (css) en logica.\r\n			</p>\r\n			<p>\r\n				Een pagina met als inhoud \"Hello HTML\" zou er als volgt uit kunnen zien.\r\n			</p>\r\n\r\n<pre><code>&lt;html>\r\n&lt;head>\r\n&lt;/head>\r\n\r\n&lt;header>\r\n&lt;/header>\r\n\r\n&lt;body>\r\nHello HTML\r\n&lt;/body>\r\n\r\n&lt;footer>\r\n&lt;/footer>\r\n&lt;/html></code></pre>\r\n\r\n			<p>\r\n				Je zou in dit geval head, header en footer weg kunnen laten, ze worden hier toch niet gebruikt.\r\n			</p>\r\n			<p>\r\n				Stel je wilt gewoon tekst hebben, dan kun je &lt;p> gebruiken. De p staat voor paragraph. Of om een \'blok\' te defineren kun je &lt;div> gebruiken, dit staat voor divisie. Dit kun je later met css bijvoorbeeld een achtergrondkleur geven.\r\n			</p>\r\n			<p>\r\n				Als je HTML gaat schrijven kan dit in word, maar het is beter om een gespecialiseerd programma voor te gebruiken. Zelf (als maker van deze website) gebruik ik atom. Dit is een gratis tekstbewerker waar je zelf veel aan kunt aanpassen en toevoegen. Je kunt het vinden op <a href=\"https://atom.io/\">https://atom.io/</a>.\r\n			</p>\r\n			<p>\r\n				 Je kunt een bestand dan opslaan met de extensie HTML (dus je eindigt de naam van het bestand met .html). Dit kun je dan openen met de browser. Ik adviseer om als browser geen gebruik te maken van internet explorer, aangezien dit slechte ondersteuning heeft. Als je meer informatie wilt hebben over browsersupport dan kun je kijken op <a href=\"https://caniuse.com/\">https://caniuse.com/</a>, hier staan wel veel dingen op die je nog niet kent.\r\n			</p>', '<ol>\r\n				<li>\r\n					Maak een pagina met daarin minimaal een paragraaf en een divisie.\r\n				</li>\r\n			</ol>', '<ol>\r\n				<li>\r\n					<pre>\r\n						<code>\r\n&lt;html>\r\n&lt;head>\r\n&lt;/head>\r\n\r\n&lt;header>\r\n&lt;/header>\r\n\r\n&lt;body>\r\n&lt;p> INHOUD &lt;/p>\r\n&lt;div> INHOUD &lt;/div>\r\n&lt;/body>\r\n\r\n&lt;footer>\r\n&lt;/footer>\r\n&lt;/html>\r\n\r\n						</code>\r\n					</pre>\r\n				</li>\r\n\r\n			</ol>'),
(26, 'Inforca', 'B1', '3', 'Web development', 'HTML deel 2', '<p>Stel je voor dat je in een treinwagon zit en op het spoor voor je zit een wissel, op spoor A staat één mens, op spoor B staan vijf mensen. Je kunt de trein niet stoppen. Wat doe je?</p>\r\n\r\n			<ol>\r\n				<li>\r\n					Je volgt spoor A.\r\n				</li>\r\n				<li>\r\n					Je volgt spoor B.\r\n				</li>\r\n				<li>\r\n					Je maakt geen keuze.\r\n				</li>\r\n			</ol>\r\n\r\n			<p>Voor de meeste mensen is dit een makkelijke keuze, wanneer je het (mensen)leven waardeert zal je willen dat zo min mogelijk mensen dood gaan. Volgens de gevolgenethiek van Bentham en Mill zou je dus spoor A volgen en de vijf mensen redden.</p>\r\n\r\n			<p>Er zijn meerdere varianten van dit denk-experiment, wat nou als er anderen mensen en aantallen gebruikt worden? Wat zou je kiezen als je moest kiezen tussen:</p>\r\n\r\n			<ol class=\"MLquestion\">\r\n				<li>\r\n					<ol>\r\n						<li>\r\n							vijf mensen\r\n						</li>\r\n						<li>\r\n							zes mensen\r\n						</li>\r\n					</ol>\r\n				</li>\r\n				<li>\r\n					<ol>\r\n						<li>\r\n							een jong kind\r\n						</li>\r\n						<li>\r\n							5 gepensioneerden\r\n						</li>\r\n					</ol>\r\n				</li>\r\n				<li>\r\n					<ol>\r\n						<li>\r\n							Koning Willem-Alexander\r\n						</li>\r\n						<li>\r\n							Een geschiedenis student\r\n						</li>\r\n					</ol>\r\n				</li>\r\n				<li>\r\n					<ol>\r\n						<li>\r\n							Een natuurkunde professor\r\n						</li>\r\n						<li>\r\n							Een ICT professor\r\n						</li>\r\n					</ol>\r\n				</li>\r\n				<li>\r\n					<ol>\r\n						<li>\r\n							Jouw ouders\r\n						</li>\r\n						<li>\r\n							5 onschuldige mensen\r\n						</li>\r\n					</ol>\r\n				</li>\r\n			</ol>\r\n\r\n			<p>Zoals je waarschijnlijk al hebt gemerkt zijn sommige keuzes makkelijker dan de andere. De vraag is natuurlijk wat dit te maken heeft met programmeren.</p>\r\n\r\n			<p>Stel, Elon Musk is een grote fan van jouw programma\'s en neemt jou aan als een developer voor de zelfrijdende Tesla auto\'s. Hoewel het doel van een Tesla is om menselijke fouten te vermijden zijn sommige fouten onvermijdelijk. Als een Tesla rond aan het rijden is met een familie die net terugkomt van Disneyland gebeurt het volgende: twee straten voordat ze thuiskomen steekt een groep kinderen van groep 4 over. De Tesla kan nu of:</p>\r\n\r\n			<ol>\r\n				<li>\r\n					Tegen een boom aan botsen en het leven van de familie riskeren en de kinderen van groep 4 redden.\r\n				</li>\r\n				<li>\r\n					Proberen uit te wijken en riskeren om tegen de kinderen te botsen.\r\n				</li>\r\n			</ol>\r\n\r\n			<p>Een computer is niet in staat om dit probleem op te lossen. Wat moet jij als programmeur hier aan doen? Als mens heb je een set normen en waarden, regels die jou zijn aangeleerd vanaf dat je geboren bent. Je mag bijvoorbeeld niet zomaar stelen of liegen. Een algoritme heeft dat niet. Wanneer een computer moet bepalen wie het moet aanrijden denkt het niet aan interpersoonlijke relaties, het denkt niet aan de waarde die mensen hebben in de samenleving, dat is jouw taak.</p>\r\n\r\n			<p>Dus, je krijgt nu de onmogelijke taak, je moet waardes geven aan mensen. Hoe kun je dat doen? Sommige mensen zullen claimen dat alle mensen gelijk aan elkaar staan, dat is geen slecht begin. We beginnen we met de regel:</p>\r\n\r\n			<p>-Probeer zo weinig mogelijk mensen te verwonden.</p>\r\n\r\n			<p>We hebben natuurlijk meer regels nodig, want soms moet je een keuze maken waarbij evenveel mensen bij keuze A of B benadeeld worden. We kunnen bijvoorbeeld zeggen dat mensen boven de 68 jaar minder meetellen. Ze contribueren tenslotte minder aan een maatschappij. Dus:</p>\r\n\r\n			<p>-Mensen boven de 68 jaar worden niet geprioriteerd.</p>\r\n\r\n			<p>Maar, als we mensen zouden prioriteren gebaseerd op hun nuttigheid in de maatschappij, moeten we dan de werklozen en drugsverslaafden ook minder meetellen? Het volgt dezelfde regel, dus:</p>\r\n\r\n			<p>-Mensen krijgen een andere telling gebaseerd op hun contributie in de maatschappij.</p>\r\n\r\n			<p>Zo kun je natuurlijk doorgaan, begin met regels op te stellen en ga door totdat je een heel regelboek hebt bedacht voor jouw Tesla. Nu is het tijd om het in de praktijk uit te testen. Laten we hiervoor de A en B vragen nemen die eerder zijn gesteld. Wat zou de Tesla volgens jou moeten kiezen voor het beste resultaat?</p>\r\n\r\n			<ol class=\"MLquestion\">\r\n				<li>\r\n					<ol>\r\n						<li>\r\n							vijf mensen\r\n						</li>\r\n						<li>\r\n							zes mensen\r\n						</li>\r\n					</ol>\r\n				</li>\r\n				<li>\r\n					<ol>\r\n						<li>\r\n							een jong kind\r\n						</li>\r\n						<li>\r\n							5 gepensioneerden\r\n						</li>\r\n					</ol>\r\n				</li>\r\n				<li>\r\n					<ol>\r\n						<li>\r\n							Koning Willem-Alexander\r\n						</li>\r\n						<li>\r\n							Een geschiedenis student\r\n						</li>\r\n					</ol>\r\n				</li>\r\n				<li>\r\n					<ol>\r\n						<li>\r\n							Een natuurkunde professor\r\n						</li>\r\n						<li>\r\n							Een ICT professor\r\n						</li>\r\n					</ol>\r\n				</li>\r\n				<li>\r\n					<ol>\r\n						<li>\r\n							Jouw ouders\r\n						</li>\r\n						<li>\r\n							5 onschuldige mensen\r\n						</li>\r\n					</ol>\r\n				</li>\r\n			</ol>\r\n\r\n			<p>Misschien heb je het al opgemerkt, maar nu ben je niks anders aan het doen dan het opstellen van waarden aan mensen gebaseerd op verschillende eigenschappen.</p>', '<ol>\r\n				<li>\r\n					Maak een pagina met minimaal: 1 link, 1 afbeelding en 1 lijst. Gebruik hiervoor de HTML die je voor de vorige paragraaf hebt geschreven.\r\n				</li>\r\n			</ol>', NULL),
(27, 'Inforca', 'B1', '4', 'Web development', 'De basis van CSS', '<p>\r\n				In deze paragraaf ga je de basis van CSS (cascading style sheets) leren. CSS zorgt voor de opmaak van de pagina, dus hoe het eruit ziet. Het is het beste om een apart css bestand aan te maken die bij de html gaat.\r\n			</p>\r\n			<p>\r\n				Om te leren hoe je CSS kunt gebruiken is het het makkelijkst om in HTML een paar divs te gebruiken. Bij de CSS verwijs je terug naar die divs. Om ze apart \'aan te spreken\' geven we de &lt;div> een id, dit is naam die alleen voor dat element wordt gebruikt. Een voorbeeld is: &lt;div id=\"div1\">&lt;/div>. Om naar de CSS te verwijzen in het HTML-bestand (zodat de CSS geladen wordt) kun je in de &lt;head> &lt;link rel=\"stylesheet\" href=\"test.css\"> te plaatsen. Als nu het HTML bestand geladen wordt, wordt ook de CSS geladen en toegepast. Het CSS bestand noemen we test.css.\r\n			</p>\r\n			<p>\r\n				Om in de CSS naar een id te verwijzen (van de HTML) gebruik je # en voor een class . (dus een punt).Een class gebruik je als een element vaker op een pagina hebt en het steeds dezelfde stijl wilt geven. In de HTML kun je dan i.p.v. id=\"\" class=\"\" gebruiken.\r\n			</p>\r\n			<p>\r\n				In de CSS gaan we nu de eerste div aanpassen. Het is momenteel nog niet te zien (als er geen tekst in staat), dit kunnen we veranderen door de volgende code als CSS te gebruiken:\r\n			</p>\r\n			<p>\r\n<pre><code>#div1\r\n	Background-color: red;\r\n	Width: 200px;\r\n	Height: 200px;\r\n</code></pre>\r\n			</p>\r\n			<p>\r\n				Dit zal de div een rode (achtergrond) kleur geven en een breedte en hoogte van 200px. Het is ook mogelijk om een kleur preciezer in te stellen met RGB of hex waarden een paar voorbeelden hiervan zijn te vinden op <a href=\"https://www.w3schools.com/css/css_colors.asp\">https://www.w3schools.com/css/css_colors.asp</a>.\r\n			  Het kan ook handig zijn om gebruik te maken van %, em en rem. % gebruikt een percentage van het element waar het onder valt en \'em\' kijkt naar de grote van de tekst. Rem staat voor root em, het gebruikt dus de tekstgrote van de \'root\', oftewel het HTML element zelf.\r\n			</p>\r\n			<p>\r\n				Er zijn dus meerdere manieren om maten aan te duiden, px is een manier, maar dit werkt niet goed als je een site zou willen maken die zich aanpast op verschillende apparaten. Hiervoor zijn em, % en vw beter geschikt. Voor meer informatie hierover kun je op <a href=\"https://www.w3schools.com/cssref/css_units.asp\">https://www.w3schools.com/cssref/css_units.asp</a>.\r\n			</p>\r\n			<p>\r\n				Stel je hebt wat tekst in de div staan en vindt het iets te klein, dan kun je de tekst vergroten met behulp van font-size zoals in de volgende code:\r\n			</p>\r\n			<p>\r\n<pre><code>#div\r\n	Background-color: red;\r\n	Width: 200px;\r\n	Height: 200px;\r\n	Font-size: 200%;\r\n</code></pre>\r\n			</p>\r\n			<p>\r\n				Om een afgeronde rand aan de &lt;div> te krijgen kun je gebruik maken van border-radius zoals in het voorbeeld:\r\n			</p>\r\n			<p>\r\n<pre><code>#div\r\n	Background-color: red;\r\n	Width: 200px;\r\n	Height: 200px;\r\n	Font-size: 200%;\r\n	Border-radius: 6px;\r\n</code></pre>', '<ol>\r\n				<li>\r\n					Ga verder met de pagina van de vorige paragraaf. Maak nu de &lt;div> zo breed als de pagina en zet er tekst in, verander de kleur van de link, voeg een rand toe aan de &lt;img> en zet voor de &lt;li> een ander teken.\r\n				</li>\r\n			</ol>', NULL),
(28, 'Inforca', 'B1', '5', 'Web development', 'CSS deel 2', '<p>\r\n				In CSS wordt gebruik gemaakt van het box model. Dit geeft aan hoe bepaalde toevoegingen invloed hebben op het element. Je kunt het voorstellen als een doos met daarin vier lagen. Laag 1 is de inhoud, bijvoorbeeld tekst. Laag 2 is padding, dit is een opvulling om de inhoud heen, maar hoort nog bij het element. Laag 3 is de border, oftewel de rand die eromheen zit. Laag 4 is margin, oftewel de afstand tot andere elementen.\r\n			</p>\r\n			<p>\r\n				Stel je voegt een achtergrond kleur toe, dan wordt die kleur gebruikt voor het element, dus inclusief padding, maar exclusief de margin.\r\n			</p>\r\n			<p>\r\n				Padding is dus een soort opvulling, in CSS gebruik je dit als padding of padding-kant. Padding voegt het aan alle kanten toe en padding-kant voegt het aan één kant toe. Een voorbeeld is padding-left: 10%; Dit zal links (van de inhoud) het element 10% groter maken.\r\n			</p>\r\n			<p>\r\n				Border is een rand om het element. Een element met een rand die blauw is, 10 px dik en waarvan de rand solide is kan met bereikt worden met als CSS border: 10px solid blue; Voor alle mogelijkheden kun je kijken op <a href=\"https://www.w3schools.com/css/css_border.asp\">https://www.w3schools.com/css/css_border.asp</a>\r\n			</p>\r\n			<p>\r\n				Je kunt ook de opmaak veranderen door ergens overheen te gaan. Dit kan door gebruik te maken van :hover. Een voorbeeld is:\r\n			</p>\r\n			<p>\r\n<pre><code>#div1:hover\r\n	Background-color: yellow\r\n	Width: 400px\r\n</code></pre>\r\n			</p>\r\n			<p>\r\n				Als je nu met de muis erover gaat wordt de achtergrond geel en wordt het breder.\r\n			</p>', '<ol>\r\n				<li>\r\n					Ga verder met de HTML van de vorige paragraaf. Laat de <div> nu van kleur veranderen als je erover gaat met de cursor. Voeg aan de pagina een \'tegel\' toe zoals op de hoofdpagina van de theorie (de groene blokken), de kleur, tekstgrote, afronding en andere eigenschappen mag je zelf bedenken.\r\n				</li>\r\n			</ol>', NULL),
(30, 'test_school', 'H2', '2', 'YEE Logica', 'Visuele logica', 'YEE\r\n\r\n<p>\r\n				De verbanden tussen sets kunnen ook visueel worden weergeven, bijvoorbeeld in de vorm van cirkels. Stel set 1 bevat 27, 3, 8, 21 en 6. Set 2 bevat 3, 0, 20, 8 en 4.\r\n			</p>\r\n			<p>\r\n				Set 1 &cap; 2 is dan:\r\n				<img src=\"./afbeeldingen/logic2Mul.svg\" class=\"theorieImage\" />\r\n			</p>\r\n			<p>\r\n				Set 1 ∪ set 2 is dan weer te geven als:\r\n				<img src=\"./afbeeldingen/logic2Add.svg\" class=\"theorieImage\" />\r\n			</p>\r\n			<p>\r\n				Of:\r\n				<img src=\"./afbeeldingen/logic2MulCom.svg\" class=\"theorieImage\" />\r\n			</p>', '<ol class=\"MLquestion\">\r\n				<li>\r\n					<ol>\r\n						<li>Teken set 1 ∪ set 2 inclusief de getallen</li>\r\n						<li>Teken set 1 ꓵ set 2 inclusief de getallen</li>\r\n					</ol>\r\n				</li>\r\n			</ol>', '<ol class=\"MLquestion\">\r\n				<li>\r\n					Stel set 1 bevat 1, 3, 20, 6 en 400. Set 2 bevat 1, 6, 200, 8 en 4.\r\n					<ol>\r\n						<li><img src=\"./afbeeldingen/logic2Ans1.svg\" class=\"theorieImage\" /></li>\r\n						<li><img src=\"./afbeeldingen/logic2Ans2.svg\" class=\"theorieImage\" /></li>\r\n					</ol>\r\n				</li>\r\n			</ol>'),
(31, 'test_school', 'V1', '1', 'YEE Filosofie en AI', 'Wat is filosofie?', 'YEE\r\n\r\n<p>Filosofie of wijsbegeerte kan worden gezien als de studie van kennis en stelt vragen over het bestaan, rationaliteit en kennis met als doel om de persoon als een individu beter te maken.</p>\r\n\r\n			<p>Vaak zijn filosofische vragen fundamenteel en abstract, je leert filosofie vaak door zelfreflectie in plaats van experimenten. Dit betekent ook dat wijsbegeerte niet een empirische wetenschap is. Empirisme neemt aan dat kennis uit ervaring en experimenten komt, zo zijn wetenschappen zoals natuurkunde en scheikunde empirisch. Hier tegenover staat rationalisme en formele wetenschappen waarin kennis gebaseerd is op rationaliteit en logica. Wiskunde en logica vallen hieronder.</p>\r\n\r\n			<p>Filosofie en programmeren vallen beide onder de formele wetenschappen, en hebben meerdere overeenkomsten. Ze volgen bijvoorbeeld vergelijkbare denkstappen, zowel filosofie en programmeren pakken grote problemen en vraagstukken aan die je niet in een keer kan oplossen, je moet het verdelen in kleinere, begrijpelijke vragen.</p>', '<ol class=\"MLquestion\">\r\n				<li>\r\n					Deze vragen hebben geen concrete antwoorden, ze zijn reflecties van wie je bent en hoe je denkt. Probeer het standpunt van jouw antwoord te nemen en het te discussiëren met iemand met een verschillend standpunt.\r\n\r\n					<ol>\r\n						<li>Heb je vrij wil?</li>\r\n						<li>Wat is een goede daad?</li>\r\n						<li>Kan kunstmatige intelligentie bestaan?</li>\r\n					</ol>\r\n				</li>\r\n			</ol>', '<ol class=\"MLquestionAlt2\">\r\n				<li>\r\n					Hier zijn antwoorden van verschillende filosofische stromingen:\r\n\r\n					<ol>\r\n						<li>\r\n							<ol>\r\n								<li>\r\n									Breinreductionisten (Victor Lamme): De vrije wil bestaat niet, de mens is een resultaat van chemische processen in het brein. Het zelf is een illusie.\r\n								</li>\r\n								<li>\r\n									René Descartes: Je kunt aan alles twijfelen behalve het ik. Het ik is degene die twijfelt. Het ik is een onstoffelijke geest die het lichaam bestuurt.\r\n								</li>\r\n							</ol>\r\n						</li>\r\n						<li>\r\n							<ol>\r\n								<li>\r\n									Hedonisme: Een daad is goed wanneer ik er blij van word. Genot is het belangrijkste doel in het leven en is hetgeen waar iedereen naar moet streven.\r\n								</li>\r\n								<li>\r\n									Immanuel Kant: Een daad is goed wanneer een maatschappij er beter van wordt als iedereen dit doet. Bijvoorbeeld: \"Liegen is niet een goede daad omdat een maatschappij niet kan bestaan als iedereen tegen elkaar zou liegen.\r\n								</li>\r\n								<li>\r\n									Utilitarisme (Jeremy Bentham): Het is een goede daad wanneer het resultaat positief is.\r\n								</li>\r\n							</ol>\r\n						</li>\r\n						<li>\r\n							<ol>\r\n								<li>\r\n									Ja, een AI is een brein van silicium en is in staat om veel sneller en efficiënter te werken dan een menselijk brein.\r\n								</li>\r\n								<li>\r\n									Nee, AI is een programma en bestaat uit door mens geschreven code en kan niet emoties ervaren dat centraal staat tot een mens. Een AI kan wel simuleren dat het emoties heeft zoals blijheid en verdriet maar ervaart ze niet. Dit zorgt voor een fundamentele verschil in bewustzijn.\r\n								</li>\r\n							</ol>\r\n						</li>\r\n					</ol>\r\n				</li>\r\n			</ol>'),
(32, 'test_school', 'B1', '2', 'YEE Web development', 'De basis van HTML', 'YEE\r\n\r\n<p>\r\n				Zoals eerder genoemd bestaat een webpagina vaak uit 3 belangrijke onderdelen: de header, de body en de footer. Een HTML bestand zonder inhoud ziet er dan als volgt uit:\r\n			</p>\r\n\r\n<pre><code>&lt;html>\r\n\r\n&lt;head>\r\n&lt;/head>\r\n\r\n&lt;header>\r\n&lt;/header>\r\n\r\n&lt;body>\r\n&lt;/body>\r\n\r\n&lt;footer>\r\n&lt;/footer>\r\n\r\n&lt;/html></code></pre>\r\n\r\n			<p>\r\n				Het valt misschien op dat er ook &lt;head> bij staat, hierin zet je normaal algemene dingen die de pagina nodig heeft om te werken, al wordt dit tegenwoordig ook vaak in de &lt;footer> gezet zodat eerst de inhoud van de pagina geladen wordt en daarna pas de rest, dan lijkt de pagina sneller te zijn. Zo kan er verwezen worden naar een css bestand of een andere code.\r\n			</p>\r\n			<p>\r\n				Je ziet ook dat onderdelen beginnen met &lt;TAG> en eindigen met &lt;TAG/>, dit komt bij bijna elk element (onderdeel) in HTML voor. Tussen deze \'tags\' kun je de inhoud zetten. In plaats van de tekst \"TAG\" komt er natuurlijk de naam van het element.\r\n			</p>\r\n			<p>\r\n				Deze \'tags\' vormen samen de webpagina. Een website is dus eigenlijk een verzameling van blokken met eventueel opmaak (css) en logica.\r\n			</p>\r\n			<p>\r\n				Een pagina met als inhoud \"Hello HTML\" zou er als volgt uit kunnen zien.\r\n			</p>\r\n\r\n<pre><code>&lt;html>\r\n&lt;head>\r\n&lt;/head>\r\n\r\n&lt;header>\r\n&lt;/header>\r\n\r\n&lt;body>\r\nHello HTML\r\n&lt;/body>\r\n\r\n&lt;footer>\r\n&lt;/footer>\r\n&lt;/html></code></pre>\r\n\r\n			<p>\r\n				Je zou in dit geval head, header en footer weg kunnen laten, ze worden hier toch niet gebruikt.\r\n			</p>\r\n			<p>\r\n				Stel je wilt gewoon tekst hebben, dan kun je &lt;p> gebruiken. De p staat voor paragraph. Of om een \'blok\' te defineren kun je &lt;div> gebruiken, dit staat voor divisie. Dit kun je later met css bijvoorbeeld een achtergrondkleur geven.\r\n			</p>\r\n			<p>\r\n				Als je HTML gaat schrijven kan dit in word, maar het is beter om een gespecialiseerd programma voor te gebruiken. Zelf (als maker van deze website) gebruik ik atom. Dit is een gratis tekstbewerker waar je zelf veel aan kunt aanpassen en toevoegen. Je kunt het vinden op <a href=\"https://atom.io/\">https://atom.io/</a>.\r\n			</p>\r\n			<p>\r\n				 Je kunt een bestand dan opslaan met de extensie HTML (dus je eindigt de naam van het bestand met .html). Dit kun je dan openen met de browser. Ik adviseer om als browser geen gebruik te maken van internet explorer, aangezien dit slechte ondersteuning heeft. Als je meer informatie wilt hebben over browsersupport dan kun je kijken op <a href=\"https://caniuse.com/\">https://caniuse.com/</a>, hier staan wel veel dingen op die je nog niet kent.\r\n			</p>', '<ol>\r\n				<li>\r\n					Maak een pagina met daarin minimaal een paragraaf en een divisie.\r\n				</li>\r\n			</ol>', '<ol>\r\n				<li>\r\n					<pre>\r\n						<code>\r\n&lt;html>\r\n&lt;head>\r\n&lt;/head>\r\n\r\n&lt;header>\r\n&lt;/header>\r\n\r\n&lt;body>\r\n&lt;p> INHOUD &lt;/p>\r\n&lt;div> INHOUD &lt;/div>\r\n&lt;/body>\r\n\r\n&lt;footer>\r\n&lt;/footer>\r\n&lt;/html>\r\n\r\n						</code>\r\n					</pre>\r\n				</li>\r\n\r\n			</ol>');

-- --------------------------------------------------------

--
-- Tabelstructuur voor tabel `users`
--

CREATE TABLE `users` (
  `id` int(11) NOT NULL,
  `naam` tinytext COLLATE utf8_bin,
  `username` tinytext COLLATE utf8_bin NOT NULL,
  `password` text COLLATE utf8_bin NOT NULL,
  `school` tinytext COLLATE utf8_bin,
  `functie` tinytext COLLATE utf8_bin,
  `klas` tinytext COLLATE utf8_bin,
  `creation_date` date NOT NULL,
  `expire_date` date DEFAULT NULL,
  `group_name` tinytext COLLATE utf8_bin,
  `group_role` tinytext COLLATE utf8_bin,
  `email` tinytext COLLATE utf8_bin,
  `NFailedLogins` int(11) DEFAULT NULL,
  `LFailedLogin` datetime DEFAULT NULL,
  `LActivity` datetime DEFAULT NULL
) ENGINE=InnoDB DEFAULT CHARSET=utf8 COLLATE=utf8_bin;

--
-- Gegevens worden geëxporteerd voor tabel `users`
--

INSERT INTO `users` (`id`, `naam`, `username`, `password`, `school`, `functie`, `klas`, `creation_date`, `expire_date`, `group_name`, `group_role`, `email`, `NFailedLogins`, `LFailedLogin`, `LActivity`) VALUES
(336, 'test982267', 'test982267', '$2y$10$xFpjIMouA.qUnjr4iID5YOY5knT9H5YLR/77O373avW2IdcWvYA5m', 'test', 'docent', NULL, '2018-08-26', '2019-08-26', NULL, NULL, NULL, 1, '2019-04-03 20:54:28', NULL),
(337, 'test675547', 'test675547', '$2y$10$WlkywhNPbN0kjCiivvDemeZgWqoXzy7u5j5DSbfdU4zvkBLzFKKSy', 'test', 'docent', NULL, '2018-08-26', '2019-08-26', NULL, NULL, NULL, NULL, NULL, NULL),
(338, 'test340631', 'test340631', '$2y$10$zmiDwPjtfHXoWliH2nLBTudMlruRs/ZBmhpxv.ZPHiMr/2.Acs8ce', 'test', 'docent', NULL, '2018-08-26', '2019-08-26', NULL, NULL, NULL, NULL, NULL, NULL),
(339, 'test016805', 'test016805', '$2y$10$EmBa0o.Cx4A9605km5nnL.srTiFE.QUOTV82BmHxmOwaJzvctj3Me', 'test', 'docent', NULL, '2018-08-26', '2019-08-26', NULL, NULL, NULL, NULL, NULL, NULL),
(340, 'test631834', 'test631834', '$2y$10$rRoJPKwq2orxvfqowiPYpey2cjnmWktPlYkMm9aQVeX9OomR7IyCO', 'test', 'docent', NULL, '2018-08-26', '2019-08-26', NULL, NULL, NULL, NULL, NULL, NULL),
(341, 'test675879', 'test675879', '$2y$10$aQMworv36cL9mioOCDU2oOjMhoMa6SrYrFfvpozfJDzebJnt5h0BO', 'test', 'leerling', 'A', '2018-08-26', '2019-08-26', 'testgroep', 'tester', 'mail', 0, NULL, '2018-09-25 02:17:17'),
(342, 'test708823', 'test708823', '$2y$10$GS1LuqsvN1KGcKBgRXQc/u2f0LRO2d9jUAj/mIYyRrP.OmqqE.4Uq', 'test', 'leerling', 'A', '2018-08-26', '2019-08-26', 'testgroep', NULL, NULL, NULL, NULL, NULL),
(343, 'test768793', 'test768793', '$2y$10$af08DHfX9zulB3xcpqR.7.b3IUPyDdwaG9/kswJwHKsEOwkw2PppG', 'test', 'leerling', 'A', '2018-08-26', '2019-08-26', 'testgroep', NULL, NULL, NULL, NULL, NULL),
(344, 'test696069', 'test696069', '$2y$10$.WCL5xXQCkDdWCExCYS2mOkVK27e.eG5eQutu94WkbTW7scblaRge', 'test', 'leerling', 'A', '2018-08-26', '2019-08-26', NULL, NULL, NULL, NULL, NULL, NULL),
(345, 'test810567', 'test810567', '$2y$10$2ebghyfjyjzQDLCEhTrRouWfVgg7dkDREZ0Kpf0L.M0BkLSEjR6G6', 'test', 'leerling', 'B', '2018-08-26', '2019-08-26', NULL, NULL, NULL, NULL, NULL, NULL),
(346, 'test600994', 'test600994', '$2y$10$Ak/vCAISCMci/2t9b1sHOOnj988/D95nEvmLIN8hg24.YotONczO.', 'test', 'leerling', 'A', '2018-08-26', '2019-08-26', NULL, NULL, NULL, NULL, NULL, NULL),
(347, 'test614829', 'test614829', '$2y$10$6XT7wjmH5qUvugQSLzPHvOoJwilUCZrOsv/wc0IWl/k6JKMJ047F6', 'test', 'leerling', 'A', '2018-08-26', '2019-08-26', NULL, NULL, NULL, NULL, NULL, NULL),
(349, 'test667623', 'test667623', '$2y$10$0.yrplDUXEitWa9KWmRE7Oc7AWbuW7A.QeGxYozk7wZMthnwaa4yq', 'test', 'leerling', 'A', '2018-08-26', '2019-08-26', NULL, NULL, NULL, NULL, NULL, NULL),
(350, 'test913225', 'test913225', '$2y$10$3yCtSViwGdqQo9r/9rSOjOOu8zL8Krr9NLuVk8neVEviNdIp/G6NS', 'test', 'leerling', 'A', '2018-08-26', '2019-08-26', NULL, NULL, NULL, NULL, NULL, NULL),
(351, 'test708200', 'test708200', '$2y$10$PMP/fHzgAQYs.hudQCjVWeyzgGZ4qKjV03vxQlNr.qtr76f5x6TuO', 'test', 'docent', NULL, '2018-08-26', '2019-08-26', NULL, NULL, NULL, NULL, NULL, NULL),
(352, 'test952124', 'test952124', '$2y$10$cXLievMTCLMotghbVMHzjOYXWYIrw8zBKlcpoNMz5RGQO03G6UGFq', 'test', 'docent', NULL, '2018-08-26', '2019-08-26', NULL, NULL, NULL, NULL, NULL, NULL),
(353, 'test827018', 'test827018', '$2y$10$rwKdJMl.zSf0lLEBxd26Ku0tcWmrxTVAC8DttNPGgHzUkFz990XTO', 'test', 'leerling', 'A', '2018-08-26', '2019-08-26', 'test', 'main developer', NULL, 0, NULL, NULL),
(354, 'test660548', 'test660548', '$2y$10$LCEYGTlcLBjDcpaPPsPiGOtTPgaVZyc8krIkTHEFjhHICJ8GFWPJO', 'test', 'leerling', 'A', '2018-08-26', '2019-08-26', 'test', NULL, NULL, NULL, NULL, NULL),
(355, 'test755983', 'test755983', '$2y$10$Zu5tv01ANnvvf53pLKpBDOe.zRYGVSPzGpVq3JYSfkzXKmpHTMiNG', 'test', 'leerling', 'A', '2018-08-26', '2019-08-26', NULL, NULL, NULL, NULL, NULL, NULL),
(356, 'test709058', 'test709058', '$2y$10$RhWDn2cn9o1KtOrc9IzYBeGJ9AGOPSgd9/3FBaSG.lY/G2I95dTiu', 'test', 'leerling', 'A', '2018-08-26', '2019-08-26', NULL, NULL, NULL, NULL, NULL, NULL),
(357, 'test307924', 'test307924', '$2y$10$.3EPmhd3sztVw7DiBsczoOoY1h03zMOXPFVr9XxQYht3y0W/7oMi6', 'test', 'leerling', 'A', '2018-08-26', '2019-08-26', NULL, NULL, NULL, NULL, NULL, NULL),
(359, 'leerling', 'leerling', '$2y$10$z4aq1c.uHaqblMzojmK/4eDTJ17N/tH6E4OQYerxnxdlOKzYhoEPK', 'test', 'leerling', 'klas1', '2018-08-26', '2019-08-26', NULL, 'test_rol', NULL, 0, '2018-09-27 18:23:46', '2019-04-03 21:24:25'),
(361, 'docent', 'docent', '$2y$10$Rkw/QL9pTeesIlXwtZ2li.MBLZqLyHcaXEDZ.mSo8uMC7zk9LWp86', 'test', 'docent', NULL, '2018-09-01', '2019-09-01', NULL, NULL, NULL, 0, '2019-03-16 09:47:02', '2019-04-15 16:54:58'),
(362, 'test441173', 'test441173', '$2y$10$El.nAocP0IDMrtWuV0A8mu17RDBbJcgk.cw55oLnPi.tMO3JbfSF6', 'test', 'docent', NULL, '2018-09-09', '2015-09-09', NULL, NULL, NULL, 0, NULL, NULL),
(363, 'test956641', 'test956641', '$2y$10$oJASR1zKZrmZTnVDRVsRqeAdAqm6G1N.e9zD8rufD4UVDSZCJj2de', 'test', 'leerling', '1', '2018-09-09', '2019-09-09', NULL, NULL, NULL, NULL, NULL, NULL),
(953, 'test_docent1', 'test_docent1', '$2y$10$ZcugOZs9Ds3r9UQuO8efrOlu2/BSszWuQ5Jo6O9cC0LwfI02Rdgfe', 'test_school', 'docent', NULL, '2018-08-26', '2025-08-26', NULL, NULL, NULL, 0, '2019-03-30 19:37:13', '2019-04-18 12:01:08'),
(954, 'test_docent2', 'test_docent2', '$2y$10$GCMhSHaNor6GNOtwOIhACOP1bIggWmoyjcBiMDUS5Kx4OAznDkJZe', 'test_school', 'docent', NULL, '2018-08-26', '2019-08-26', NULL, NULL, NULL, 0, '2018-08-26 09:39:01', NULL),
(955, 'test_docent3', 'test_docent3', '$2y$10$Qvpw8AE2urtJWEoyD4oy4OgDmA6ptjAwOijy.F..hJKhmHo4YEYlO', 'test_school', 'docent', NULL, '2018-08-26', '2019-08-26', NULL, NULL, NULL, 0, NULL, NULL),
(956, 'test_docent4', 'test_docent4', '$2y$10$5C2wkOUJ4wEHEQisGBh7z.4aOiQifmS1rLbcuiR4ojLv/FJSQiI12', 'test_school', 'docent', NULL, '2018-08-26', '2019-08-26', NULL, NULL, NULL, 0, NULL, NULL),
(957, 'test_docent5', 'test_docent5', '$2y$10$XIg2y2Jctkra1HQ5JoMm1eK.T1LKyxk1FNaDXOcmg/nYP/0FDrO.S', 'test_school', 'docent', NULL, '2018-08-26', '2019-08-26', NULL, NULL, NULL, 0, '2018-08-26 09:44:02', NULL),
(958, 'test_leerling_havo1_1', 'test_leerling_havo1_1', '$2y$10$WPG.G.v9aa.EGKBm1v57tOdU.3Ajgmk612OLCHHnNqzk3b6DqmIae', 'test_school', 'leerling', 'havo1', '2018-08-26', '2025-08-26', 'Test_groep1', NULL, NULL, 0, '2018-09-27 15:00:22', NULL),
(959, 'test_leerling_havo1_2', 'test_leerling_havo1_2', '$2y$10$00ghmA1BF2xYDoOB8pbtV.q6qxpVfgqaGCLHR3pleY9pRYFPIaf7O', 'test_school', 'leerling', 'havo1', '2018-08-26', '2019-08-26', 'Test_groep1', NULL, NULL, 0, NULL, NULL),
(960, 'Luc', 'test_Luc', '$2y$10$3fy89XsKcFnGt0.2YWPPyei8LspRSw1BP1F8DbdYHDaWZri7dthXa', 'test_school', 'leerling', 'havo1', '2018-08-26', '2019-08-26', 'Inforca', NULL, NULL, 0, NULL, NULL),
(961, 'Sam', 'test_Sam', '$2y$10$EF38j6hs0w3nLvtpIfTyUeOp2BC.cAM7d5IpTMDUY/XuET.dPfB5S', 'test_school', 'leerling', 'havo1', '2018-08-26', '2019-08-26', NULL, NULL, NULL, 0, NULL, NULL),
(962, 'Sanne', 'test_Sanne', '$2y$10$pjuJ.Q6Sn/UtzzuBAPB4leXeHYSalzJrsTicn3tIKQCTBnrTUhh2a', 'test_school', 'leerling', 'havo1', '2018-08-26', '2019-08-26', 'Inforca', NULL, NULL, 0, NULL, NULL),
(963, 'Max', 'test_Max', '$2y$10$YabaR610d5/OaGILCDDg0eqvPqV7c63EHeyLKkMyOpYUeYgNuWLNK', 'test_school', 'leerling', 'havo1', '2018-08-26', '2019-08-26', 'Inforca', NULL, NULL, 0, '2018-08-26 14:56:25', NULL),
(964, 'Lars', 'test_Lars', '$2y$10$xw8vVs2TNZPM9SBqNWG5tehhzJzLohTibUiCpf9YJgSKzlXraZPoC', 'test_school', 'leerling', 'havo1', '2018-08-26', '2019-08-26', 'Inforca', NULL, NULL, 0, NULL, NULL),
(965, 'Jordy', 'test_Jordy', '$2y$10$I7Aj4Ha4uy8//bN06f6wBu1tvmQubgLzv6ggRop6WBC4v8TAPEe4O', 'test_school', 'leerling', 'havo1', '2018-08-26', '2019-08-26', 'Inforca', NULL, NULL, 0, NULL, NULL),
(966, 'test_school602356', 'test_school602356', '$2y$10$eQ5cLHUEb3pLpB/ap1WvQuIX5xWHuiwgcdldbuHV7HfA3YEADRgAG', 'test_school', 'leerling', 'havo1', '2018-08-26', '2019-08-26', 'Test_groep2', NULL, NULL, NULL, NULL, NULL),
(967, 'test_school763150', 'test_school763150', '$2y$10$Y9bI4oimPGaRa2XmQT1rK.yHkpbRHdQ4QCkASyzXZk/Exgq7AtlsS', 'test_school', 'leerling', 'havo1', '2018-08-26', '2019-08-26', NULL, NULL, NULL, NULL, NULL, NULL),
(968, 'test_school973657', 'test_school973657', '$2y$10$pIwhehZ48k7iRY/Db8GVe.uFgPrMvyfY11MKWMffbB7KrBieZcVa2', 'test_school', 'leerling', 'havo1', '2018-08-26', '2019-08-26', NULL, NULL, NULL, NULL, NULL, NULL),
(969, 'test_school396800', 'test_school396800', '$2y$10$yXu4ap4y4UdokTyoy0LK/.m6G51meD42TExiBRfeNYyHTQkVulabC', 'test_school', 'leerling', 'havo1', '2018-08-26', '2019-08-26', NULL, NULL, NULL, NULL, NULL, NULL),
(970, 'test_school386112', 'test_school386112', '$2y$10$FCsrRYSTJewg6Fpsg3eNnegiuiN2hX5HjjBnBodES1Pkc5z.TklI2', 'test_school', 'leerling', 'havo1', '2018-08-26', '2019-08-26', NULL, NULL, NULL, NULL, NULL, NULL),
(971, 'test_school358996', 'test_school358996', '$2y$10$5vCJC1CD.CLXtUw3app5me58ibAiweVsCP2pvvGe6d9VEf/VmytOG', 'test_school', 'leerling', 'havo1', '2018-08-26', '2019-08-26', NULL, NULL, NULL, NULL, NULL, NULL),
(972, 'test_school752249', 'test_school752249', '$2y$10$YzlhfnbyrWu/JULAonTUGusNlFtKa95SfaXQeWIR/HlTpHffEBgDC', 'test_school', 'leerling', 'havo1', '2018-08-26', '2019-08-26', NULL, NULL, NULL, NULL, NULL, NULL),
(973, 'test_school380012', 'test_school380012', '$2y$10$IBA8EkOq64t8JIfj9.6KNubLnyVlkbYUzUkTT/689OCfSEwwcuVXu', 'test_school', 'leerling', 'havo1', '2018-08-26', '2019-08-26', NULL, NULL, NULL, NULL, NULL, NULL),
(974, 'test_school276280', 'test_school276280', '$2y$10$lvfb50ja9wnC/B25Jx7tpead7uMbvlW7k0tz5dfCLKod9wnE2fCPy', 'test_school', 'leerling', 'havo1', '2018-08-26', '2019-08-26', NULL, NULL, NULL, NULL, NULL, NULL),
(975, 'test_school844054', 'test_school844054', '$2y$10$mHuh2/M5iSYZuVuxYb7EtuYGPMJ4RNBLj5JEcZ7hVIrXwO.kZeMOS', 'test_school', 'leerling', 'havo1', '2018-08-26', '2019-08-26', NULL, NULL, NULL, NULL, NULL, NULL),
(976, 'test_school155347', 'test_school155347', '$2y$10$CCCLeRAnDUrivIHWjWnleehDy07mkH.W0NvMdXLtOtrXgxbjASrHq', 'test_school', 'leerling', 'havo1', '2018-08-26', '2019-08-26', NULL, NULL, NULL, NULL, NULL, NULL),
(977, 'René', 'test_leerling_René', '$2y$10$mXoHfiYTX5rqf4tEaayqWeIrzKDI4iP7D1AheQL0BATLh/sXp0yhe', 'test_school', 'leerling', 'havo1', '2018-08-26', '2019-08-26', 'Inforca', 'Ontwikkelaar', 'koffieandcode@gmail.com', 1, '2018-08-28 22:05:50', NULL),
(978, 'test_school259364', 'test_school259364', '$2y$10$TJqoi49P5dSbUv4vCP9CX.VYHqK/vFCpaix4QJr8uQWj8RUwNRO3u', 'test_school', 'leerling', 'havo2', '2018-08-26', '2019-08-26', 'Test_groep1', NULL, NULL, NULL, NULL, NULL),
(979, 'test_school694574', 'test_school694574', '$2y$10$NpbkiVg4.CE8auWXLe7qNu2/icFbjwsuNbmcwYZ4apNvv2lXicw9C', 'test_school', 'leerling', 'havo2', '2018-08-26', '2019-08-26', NULL, NULL, NULL, NULL, NULL, NULL),
(980, 'test_school834349', 'test_school834349', '$2y$10$NjNd1E6BJUxmKmTjB2MmYuKXSWqrtgYUjdjE04Koqkr9d1TZysta2', 'test_school', 'leerling', 'havo2', '2018-08-26', '2019-08-26', NULL, NULL, NULL, NULL, NULL, NULL),
(981, 'test_school502093', 'test_school502093', '$2y$10$tkTgn1o4RkJGky2KIaoJmOkIcGSRndNQlrgfOi.djaBCNqyseZNTu', 'test_school', 'leerling', 'havo2', '2018-08-26', '2019-08-26', NULL, NULL, NULL, NULL, NULL, NULL),
(982, 'test_school523250', 'test_school523250', '$2y$10$wZXRBH0XutxTOOuvfbZqC.ldETvJql6xj.CSQQlVsdwr.wLA3yRrO', 'test_school', 'leerling', 'havo2', '2018-08-26', '2019-08-26', NULL, NULL, NULL, NULL, NULL, NULL),
(983, 'test_school337199', 'test_school337199', '$2y$10$zWmk0RBUsotgaOTibm0Jte73VewrjH5dVvRYoXDQw/vendKFQevhS', 'test_school', 'leerling', 'havo2', '2018-08-26', '2019-08-26', NULL, NULL, NULL, NULL, NULL, NULL),
(984, 'test_school654849', 'test_school654849', '$2y$10$QyDCBUleLJKzMcfatgQw2..VsRyzGzMm6KR2BArbsoPuSTrzeorGW', 'test_school', 'leerling', 'havo2', '2018-08-26', '2019-08-26', NULL, NULL, NULL, NULL, NULL, NULL),
(985, 'test_school307533', 'test_school307533', '$2y$10$GDed0vDSjXBX27ECvOcmveQXBn6115txQErc5kEis2OVvKzSvgUaK', 'test_school', 'leerling', 'havo2', '2018-08-26', '2019-08-26', NULL, NULL, NULL, NULL, NULL, NULL),
(986, 'test_school698483', 'test_school698483', '$2y$10$VqBGUuoJ5i9Wn1MuKoGOveI.mF4blb5MztBG/OR5aUEH2hrRkl7qm', 'test_school', 'leerling', 'havo2', '2018-08-26', '2019-08-26', NULL, NULL, NULL, NULL, NULL, NULL),
(987, 'test_school431649', 'test_school431649', '$2y$10$R8fZ3AAvOcPw5DWieHpixet46huZtEk8jaVs5k.Q/4QQyLkthLko.', 'test_school', 'leerling', 'havo2', '2018-08-26', '2019-08-26', NULL, NULL, NULL, NULL, NULL, NULL),
(988, 'test_school029412', 'test_school029412', '$2y$10$Rys3b0m.yIE56xhlrJzM7./gWEX.LdtnS8la1mr.dg8vYgowjZ76G', 'test_school', 'leerling', 'havo2', '2018-08-26', '2019-08-26', NULL, NULL, NULL, NULL, NULL, NULL),
(989, 'test_school745768', 'test_school745768', '$2y$10$if22xbbBLD1oxaczccwE7uYd8R5UnJ084ehVx5V9o8YkQgNNQNvWC', 'test_school', 'leerling', 'havo2', '2018-08-26', '2019-08-26', NULL, NULL, NULL, NULL, NULL, NULL),
(990, 'test_school649181', 'test_school649181', '$2y$10$.ssJNf0.hnCuoyMCiVOYKuI4Spy7nJwjMVOZFpk6cZjm7ECK3RGQ2', 'test_school', 'leerling', 'havo2', '2018-08-26', '2019-08-26', NULL, NULL, NULL, NULL, NULL, NULL),
(991, 'test_school724187', 'test_school724187', '$2y$10$iL9Cm0haXQ12.aD07MwxSemBV3mW5dbSZYsVJg0wsXg8696MbzO3u', 'test_school', 'leerling', 'havo2', '2018-08-26', '2019-08-26', NULL, NULL, NULL, NULL, NULL, NULL),
(992, 'test_school620909', 'test_school620909', '$2y$10$VIkJnA7e5Pnz6qSzxvxfw.uMMMU/Jj818aqKTsxmZJfYA32ZmZ70e', 'test_school', 'leerling', 'havo2', '2018-08-26', '2019-08-26', NULL, NULL, NULL, NULL, NULL, NULL),
(993, 'test_school785687', 'test_school785687', '$2y$10$edJnj3rBz.Y74VwYMX7ZGej2D7tA3cKJ22jF9E4EVajsnu3icx4Rm', 'test_school', 'leerling', 'havo2', '2018-08-26', '2019-08-26', NULL, NULL, NULL, NULL, NULL, NULL),
(994, 'test_school424461', 'test_school424461', '$2y$10$UhNInOKc6yqD4D2LfxD3WuA8ZBFf/Elq0Z4ZqZ1GnITkfLpXJL/ia', 'test_school', 'leerling', 'havo2', '2018-08-26', '2019-08-26', NULL, NULL, NULL, NULL, NULL, NULL),
(995, 'test_school061823', 'test_school061823', '$2y$10$YqtORxDKWMhdwWluVYmwfuE77bDwGAhvPyUPwrYtH3RdgFuATnK/.', 'test_school', 'leerling', 'havo2', '2018-08-26', '2019-08-26', NULL, NULL, NULL, NULL, NULL, NULL),
(996, 'test_school975777', 'test_school975777', '$2y$10$4YLUSopr88IgPYovU7lfQeuXYhlOVmDLlmGWIEuzmDvQKERMZLCWa', 'test_school', 'leerling', 'havo2', '2018-08-26', '2019-08-26', NULL, NULL, NULL, NULL, NULL, NULL),
(997, 'test_school110996', 'test_school110996', '$2y$10$L5vmnDRUnM2n6sotfeOqrO6ZYmpUSxAi0O1On.kJINLXlGEN16Cwa', 'test_school', 'leerling', 'havo2', '2018-08-26', '2019-08-26', NULL, NULL, NULL, NULL, NULL, NULL),
(998, 'test_leerling_ath1_1', 'test_leerling_ath1_1', '$2y$10$56ASjsKH7u7BVxNN2xjeA.oIwd4QU48G448m8EmhogZQPm2nf4GlW', 'test_school', 'leerling', 'ath1', '2018-08-26', '2019-08-26', 'Test_groep1', NULL, NULL, 0, NULL, NULL),
(999, 'test_leerling_ath1_2', 'test_leerling_ath1_2', '$2y$10$D8Osq.n4/cYa.mJOVyY9yuHdYvDPYH/Pkmhx8WfzbuRMjdLwjM/3C', 'test_school', 'leerling', 'ath1', '2018-08-26', '2019-08-26', NULL, NULL, NULL, 0, NULL, NULL),
(1000, 'test_leerling_ath1_3', 'test_leerling_ath1_3', '$2y$10$T80kyn9pyfh16yK8aid.ru5NputidSTuIgfHpfkIVG8eGSnhPAQDS', 'test_school', 'leerling', 'ath1', '2018-08-26', '2019-08-26', 'Test_groep2', 'programmeur', NULL, 0, NULL, NULL),
(1001, 'test_leerling_ath1_4', 'test_leerling_ath1_4', '$2y$10$UrVyT57TumKyKlEyRsZDoOQhOff8l41Y4TgyRAoXdyQyxxMEC/u4G', 'test_school', 'leerling', 'ath1', '2018-08-26', '2019-08-26', NULL, '3D modellen maken', NULL, 0, NULL, NULL),
(1002, 'test_leerling_ath1_5', 'test_leerling_ath1_5', '$2y$10$LlkjdzjWG.iMHwiYTTFuE.F7200Cj/7kP26wo7gq8VGlB.GmajSJG', 'test_school', 'leerling', 'ath1', '2018-08-26', '2019-08-26', NULL, 'schrijver', NULL, 0, '2018-08-27 10:41:40', NULL),
(1003, 'test_school819680', 'test_school819680', '$2y$10$MiY1aiLCnOBS2QKgy69SSeftWl6.KT0JfevXEUme5P.S42q9SA4v2', 'test_school', 'leerling', 'ath1', '2018-08-26', '2019-08-26', NULL, NULL, NULL, NULL, NULL, NULL),
(1004, 'test_school635885', 'test_school635885', '$2y$10$hU4KmDbjn5XvMePgIgg4KuB9vH1kJ.T35DybitzarHEjRd1.HGvi6', 'test_school', 'leerling', 'ath1', '2018-08-26', '2019-08-26', NULL, NULL, NULL, NULL, NULL, NULL),
(1005, 'test_school415233', 'test_school415233', '$2y$10$./UOwG0.zSed6buaUZDR/uFkOwm3lls5av99lkfKNGf4h0D7UgsHa', 'test_school', 'leerling', 'ath1', '2018-08-26', '2019-08-26', NULL, NULL, NULL, NULL, NULL, NULL),
(1006, 'test_school233269', 'test_school233269', '$2y$10$ANT.s9rvR7eE3deKB1EDG.uhsfO2lkCWR4Iac34gco0hlk3STcq/6', 'test_school', 'leerling', 'ath1', '2018-08-26', '2019-08-26', NULL, NULL, NULL, NULL, NULL, NULL),
(1007, 'test_school668724', 'test_school668724', '$2y$10$Xctk83swg9/3W.xTVHEq.uUEbNo6apt9MOTaIsY9/bgWXApN9t.Xy', 'test_school', 'leerling', 'ath1', '2018-08-26', '2019-08-26', NULL, NULL, NULL, NULL, NULL, NULL),
(1008, 'test_school649167', 'test_school649167', '$2y$10$0/.InCgUvzqmPyqvcLB/xe6Aws4yqYgrVCcuinyD/EI0D7QZ6Tt6a', 'test_school', 'leerling', 'ath1', '2018-08-26', '2019-08-26', NULL, NULL, NULL, NULL, NULL, NULL),
(1009, 'test_school276604', 'test_school276604', '$2y$10$o4lqY1aAims3uhTm64p9P.lXE3uKAvIzzpHgJoblGLGOKa3yiPlye', 'test_school', 'leerling', 'ath1', '2018-08-26', '2019-08-26', NULL, NULL, NULL, NULL, NULL, NULL),
(1010, 'test_school572018', 'test_school572018', '$2y$10$f2TDllbqtaXqL1N.54D4tOmZ83/udMyZvJs3q9rygw7l3viqfPy66', 'test_school', 'leerling', 'ath1', '2018-08-26', '2019-08-26', NULL, NULL, NULL, NULL, NULL, NULL),
(1011, 'test_school545750', 'test_school545750', '$2y$10$IgulOVrnhijftK.3YJJhVeg8yc4OCNTshZudW78UgamPuuf3J/2xe', 'test_school', 'leerling', 'ath1', '2018-08-26', '2019-08-26', NULL, NULL, NULL, NULL, NULL, NULL),
(1012, 'test_school474016', 'test_school474016', '$2y$10$Sp2OXXDhp4WXIfXymYax2eZO3/BT/13nsLMkYQHowH6IkOHaVPmeK', 'test_school', 'leerling', 'ath1', '2018-08-26', '2019-08-26', NULL, NULL, NULL, NULL, NULL, NULL),
(1013, 'test_school298305', 'test_school298305', '$2y$10$xbQoHIJCEI79PSWRccoTi.bDsNj7sn5w5ho/HqrGq8d8jjXvS/Ngi', 'test_school', 'leerling', 'ath1', '2018-08-26', '2019-08-26', NULL, NULL, NULL, NULL, NULL, NULL),
(1014, 'test_school977213', 'test_school977213', '$2y$10$nHmoe00eDF7LOcOhtBzunen2QK/qKGmFhGWiL69AAp6MmalkbTvTW', 'test_school', 'leerling', 'ath1', '2018-08-26', '2019-08-26', NULL, NULL, NULL, NULL, NULL, NULL),
(1015, 'test_school564693', 'test_school564693', '$2y$10$Dkg5C7buO/bOP4pSftHkA.6qVpKOFuUQTcN4mz1eWs8/11fgwS9Ty', 'test_school', 'leerling', 'ath1', '2018-08-26', '2019-08-26', NULL, NULL, NULL, NULL, NULL, NULL),
(1016, 'test_school857577', 'test_school857577', '$2y$10$7q4CrUdz4/vTIX1RDS2GX.tkNmo/0RVw/3/.OD2cyJuRSlCqJ0roS', 'test_school', 'leerling', 'ath1', '2018-08-26', '2019-08-26', NULL, NULL, NULL, NULL, NULL, NULL),
(1017, 'test_school649472', 'test_school649472', '$2y$10$SaqlMkAUvGkqyImXn/XaruJQns.4A2g1d.Fff8OmAZh/Tr05iFtXO', 'test_school', 'leerling', 'ath1', '2018-08-26', '2019-08-26', NULL, NULL, NULL, NULL, NULL, NULL),
(1018, 'test_school240528', 'test_school240528', '$2y$10$8poDwXgEADrxqboLjofZauB66zBs6SIWLXcprYpRucLWFFaMIZxAS', 'test_school', 'leerling', 'gym1', '2018-08-26', '2019-08-26', 'Test_groep1', NULL, NULL, NULL, NULL, NULL),
(1019, 'test_school346067', 'test_school346067', '$2y$10$B8l1lrgyF1YqNZdcfs6p.OLvTqKUvAbt8NgYG1w9XEHc.M8Kej63S', 'test_school', 'leerling', 'gym1', '2018-08-26', '2019-08-26', NULL, NULL, NULL, NULL, NULL, NULL),
(1020, 'test_school148660', 'test_school148660', '$2y$10$yVedu6g2.siGRafYdXmW2.MPgCXVG8SZcUAE3Ad8KMNg13GXD70AO', 'test_school', 'leerling', 'gym1', '2018-08-26', '2019-08-26', NULL, NULL, NULL, NULL, NULL, NULL),
(1021, 'test_school571214', 'test_school571214', '$2y$10$e4Vtr5YMrGfnWH5iYJwUYubDiSxWPf1IF7DPieqwtQz.3.5s54kou', 'test_school', 'leerling', 'gym1', '2018-08-26', '2019-08-26', NULL, NULL, NULL, NULL, NULL, NULL),
(1022, 'test_school667113', 'test_school667113', '$2y$10$NeVVEQPKTK26sek8TN03v.z.gIvxjHPs42HNg1KrA2S9heAEI/dJy', 'test_school', 'leerling', 'gym1', '2018-08-26', '2019-08-26', NULL, NULL, NULL, NULL, NULL, NULL),
(1023, 'test_school092012', 'test_school092012', '$2y$10$bs4Zsgeb4GACsp6fpcnzleMDd.KPCzmILXFGkMjKJLwxbTACthFam', 'test_school', 'leerling', 'gym1', '2018-08-26', '2019-08-26', NULL, NULL, NULL, NULL, NULL, NULL),
(1024, 'test_school230579', 'test_school230579', '$2y$10$Wsryt1zPzBOl0NJ//yjrZOqCuUk8ktcGOd1UkdMysjH45MvbS25fi', 'test_school', 'leerling', 'gym1', '2018-08-26', '2019-08-26', NULL, NULL, NULL, NULL, NULL, NULL),
(1025, 'test_school996752', 'test_school996752', '$2y$10$4NQWSYbPwezhuyYSPA5Ia.o19xcNR6VpYnvJw2SnSZM1zaFnZDVfW', 'test_school', 'leerling', 'gym1', '2018-08-26', '2019-08-26', NULL, NULL, NULL, NULL, NULL, NULL),
(1026, 'test_school261436', 'test_school261436', '$2y$10$cUZyTuQE4J3XKuZLM1L6G.cjACbF5idAPJgz0IS3V38nKw344os6S', 'test_school', 'leerling', 'gym1', '2018-08-26', '2019-08-26', NULL, NULL, NULL, NULL, NULL, NULL),
(1027, 'test_school967784', 'test_school967784', '$2y$10$7EPhHTupbLHnQzeq9RZave3Yb0xvOejnN4fbAAJ6Lgy3C5OmpGfMy', 'test_school', 'leerling', 'gym1', '2018-08-26', '2019-08-26', NULL, NULL, NULL, NULL, NULL, NULL),
(1028, 'test_school273162', 'test_school273162', '$2y$10$EWsePmG7kqgDy1Gexo2CWek5mF9eUkH/HoVZ.EHFremqH.VqepHTe', 'test_school', 'leerling', 'gym1', '2018-08-26', '2019-08-26', NULL, NULL, NULL, NULL, NULL, NULL),
(1029, 'test_school938164', 'test_school938164', '$2y$10$4XlZHm/JWruZu3LUuOYyPO.rRn4lLPO40zTEC5rzHUIZaVwaM8sb2', 'test_school', 'leerling', 'gym1', '2018-08-26', '2019-08-26', NULL, NULL, NULL, NULL, NULL, NULL),
(1030, 'test_school025649', 'test_school025649', '$2y$10$cjk5T95.5tX856cfnDXM3.YH8HUZ7sE.xV0stM1zolSeh2DzFNnnC', 'test_school', 'leerling', 'gym1', '2018-08-26', '2019-08-26', NULL, NULL, NULL, NULL, NULL, NULL),
(1031, 'test_school828559', 'test_school828559', '$2y$10$Zf1VTl3b2r6PhChH0CfXkup7HFnXX4tr18V8KNrxbg5Z/Fd8oSI4y', 'test_school', 'leerling', 'gym1', '2018-08-26', '2019-08-26', NULL, NULL, NULL, NULL, NULL, NULL),
(1032, 'test_school747617', 'test_school747617', '$2y$10$0LLboW/Vn.v08ysPr9JO9OB.ILUg.q63x7cv7x1.VLk.7jP7ieMCq', 'test_school', 'leerling', 'gym1', '2018-08-26', '2019-08-26', NULL, NULL, NULL, NULL, NULL, NULL),
(1033, 'test_school263330', 'test_school263330', '$2y$10$8IOG5CjyyUqwKhW3DtyG9OMASS0tWaQ9sswFyz3StRGcIfykspyBS', 'test_school', 'leerling', 'gym1', '2018-08-26', '2019-08-26', NULL, NULL, NULL, NULL, NULL, NULL),
(1034, 'test_school548682', 'test_school548682', '$2y$10$Nq0CMCCdWBsqIMoLzKSZRuVJVT1l/VFf0YpUNQ7H/7/QK0YYdudpG', 'test_school', 'leerling', 'gym1', '2018-08-26', '2019-08-26', NULL, NULL, NULL, NULL, NULL, NULL),
(1035, 'test_school792114', 'test_school792114', '$2y$10$eIxJFjO4d5ZpZHzzdSYjBu4cDaXVRIN3V1P15F69p01npEqXATcmW', 'test_school', 'leerling', 'gym1', '2018-08-26', '2019-08-26', NULL, NULL, NULL, NULL, NULL, NULL),
(1036, 'test_school504756', 'test_school504756', '$2y$10$wxWMR0gN3/IittPDATkk4udyy.dOn3Y0d9.Qnp4XHwVx99G0/hIFW', 'test_school', 'leerling', 'gym1', '2018-08-26', '2019-08-26', NULL, NULL, NULL, NULL, NULL, NULL),
(1037, 'test_school954532', 'test_school954532', '$2y$10$MWH50iLsYjwW/X1b83jCreqXGncVGtcLsAnEgMEIxLwUL0wclRUKG', 'test_school', 'leerling', 'gym1', '2018-08-26', '2019-08-26', NULL, NULL, NULL, NULL, NULL, NULL),
(1038, 'Bernardinus374178', 'Bernardinus374178', '$2y$10$XpeZGllGzTGyZhiuGnBsDuwxEUq/N5NhMusw5/nXdU8edIltcnb7W', 'Bernardinus', 'docent', NULL, '2018-08-31', '2019-08-31', NULL, NULL, NULL, NULL, NULL, NULL),
(1039, 'Bernardinus999922', 'Bernardinus999922', '$2y$10$MQhjnBbcjsHkAHW2q6H26OvhUkRBpaVKXgEjrWvaEiXj2iS2JVcmu', 'Bernardinus', 'docent', NULL, '2018-08-31', '2019-08-31', NULL, NULL, NULL, NULL, NULL, NULL),
(1040, 'Bernardinus181571', 'Bernardinus181571', '$2y$10$1wCPYMq370cMyFDuDAEJMOera5OaPh7O6yNtPSDoHrykh0/JpBdzK', 'Bernardinus', 'leerling', '4vwo', '2018-08-31', '2019-08-31', NULL, NULL, NULL, NULL, NULL, NULL),
(1041, 'Bernardinus581118', 'Bernardinus581118', '$2y$10$M0r.OrgJ4njk5dVf.fiiMeaQ7TvqgIsuQyx5wES/h1m.Bmy1GXGZu', 'Bernardinus', 'leerling', '4vwo', '2018-08-31', '2019-08-31', NULL, NULL, NULL, NULL, NULL, NULL),
(1042, 'Bernardinus798603', 'Bernardinus798603', '$2y$10$CnYDvm095RYS1lGwcVEfNOTu/E9ahuPcB9kM2r7x3IMuRHzeG2Pdu', 'Bernardinus', 'leerling', '4vwo', '2018-08-31', '2019-08-31', NULL, NULL, NULL, NULL, NULL, NULL),
(1043, 'Bernardinus902653', 'Bernardinus902653', '$2y$10$pMXddBe07whCb6mGEBln.O0uMrgk9w5PCiujfFt89Sf5bAL5Wi7C2', 'Bernardinus', 'leerling', '4vwo', '2018-08-31', '2019-08-31', NULL, NULL, NULL, NULL, NULL, NULL),
(1044, 'Bernardinus852485', 'Bernardinus852485', '$2y$10$e5kfwUWdSeScEQsPYfXF1ekgoSt1LXg07j/i5NvZHUOI0Io0i9Axe', 'Bernardinus', 'leerling', '4vwo', '2018-08-31', '2019-08-31', NULL, NULL, NULL, NULL, NULL, NULL),
(1045, 'Bernardinus787614', 'Bernardinus787614', '$2y$10$wmTwkIIQgS8pw8gN7VIit.ENezanFubRhiXJEvXmfxXjFdF9GnmHm', 'Bernardinus', 'leerling', '5vwo', '2018-08-31', '2019-08-31', NULL, NULL, NULL, NULL, NULL, NULL),
(1046, 'Bernardinus146269', 'Bernardinus146269', '$2y$10$cWf1VNd5GRl.3VkeCoWBBe1w3zjVM4RPZfJr00tbqBTV3.tzFMnZG', 'Bernardinus', 'leerling', '5vwo', '2018-08-31', '2019-08-31', NULL, NULL, NULL, NULL, NULL, NULL),
(1047, 'Bernardinus893335', 'Bernardinus893335', '$2y$10$B1ZkZVLBboQYlSpGuo3U.uI0dNmOH63RvQEYDLOkhxY47QpidlPfG', 'Bernardinus', 'leerling', '5vwo', '2018-08-31', '2019-08-31', NULL, NULL, NULL, NULL, NULL, NULL),
(1048, 'Bernardinus591975', 'Bernardinus591975', '$2y$10$2Kst.cO37GdGKXpmMQQ4MOi/28JicgaIZRjS7m0fVUq7rTiDas7Ei', 'Bernardinus', 'leerling', '5vwo', '2018-08-31', '2019-08-31', NULL, NULL, NULL, NULL, NULL, NULL),
(1049, 'Bernardinus313419', 'Bernardinus313419', '$2y$10$eU4luOm.abMv8pCUYfJwNOPr48dUDSNCvGHTEkqs7RLq438YGKs5a', 'Bernardinus', 'leerling', '5vwo', '2018-08-31', '2019-08-31', NULL, NULL, NULL, NULL, NULL, NULL),
(1050, 'Bernardinus408106', 'Bernardinus408106', '$2y$10$N134cXo6tjH1S5yuTyscO.uchtRclVScWrL1eW5xpTtHDBJqZ.Jfe', 'Bernardinus', 'leerling', '5havo', '2018-08-31', '2019-08-31', NULL, NULL, NULL, NULL, NULL, NULL),
(1051, 'Bernardinus473563', 'Bernardinus473563', '$2y$10$WwMeTuKu0SvxG5na5gmsmOIrsyWoe2VWjc1AHGa64ltT6nkSAaT9i', 'Bernardinus', 'leerling', '5havo', '2018-08-31', '2019-08-31', NULL, NULL, NULL, NULL, NULL, NULL),
(1052, 'Bernardinus501885', 'Bernardinus501885', '$2y$10$zF1kUx6D1iKKkapYu1G8I.SmatYbM97fQPz8E0vyKNn3dXozts5C.', 'Bernardinus', 'leerling', '5havo', '2018-08-31', '2019-08-31', NULL, NULL, NULL, NULL, NULL, NULL),
(1053, 'Bernardinus670086', 'Bernardinus670086', '$2y$10$cQHq3AkZL0w1xHtR6k4X6On3bRgOftljmYwkJ6.P50d9OnMk.tuZS', 'Bernardinus', 'leerling', '5havo', '2018-08-31', '2019-08-31', NULL, NULL, NULL, NULL, NULL, NULL),
(1054, 'Bernardinus639459', 'Bernardinus639459', '$2y$10$zcAXLsn/pkQlf4k8idgbVOrocD.VSZst6752gnzUyYl7RHJnzjSoK', 'Bernardinus', 'leerling', '5havo', '2018-08-31', '2019-08-31', NULL, NULL, NULL, NULL, NULL, NULL),
(1055, 'Eijkhagen183695', 'Eijkhagen183695', '$2y$10$YuDdH0IpTft87KTwkxGeRO4l9UIcSkjx2jFdEmLC.V.JP8PWgV6Ki', 'Eijkhagen', 'docent', NULL, '2018-08-31', '2019-08-31', NULL, NULL, NULL, NULL, NULL, NULL),
(1056, 'Eijkhagen291643', 'Eijkhagen291643', '$2y$10$GBnXRBOG1HlnlY29glWtA.diocPPzK0rO/E9QsG09Vie3nhu0pnAK', 'Eijkhagen', 'docent', NULL, '2018-08-31', '2019-08-31', NULL, NULL, NULL, NULL, NULL, NULL),
(1057, 'Eijkhagen488104', 'Eijkhagen488104', '$2y$10$tZ9.dtceO4Sxkim47G8KfOQOwHhrLudDb9/J9K5ibycqyjhaIG4xm', 'Eijkhagen', 'leerling', '4havo', '2018-08-31', '2019-08-31', NULL, NULL, NULL, NULL, NULL, NULL),
(1058, 'Eijkhagen989877', 'Eijkhagen989877', '$2y$10$8CTvnrZ8IixQ7o.ThGX97eQqPF7homETgjUsyAMVPx1jpv0c2z48q', 'Eijkhagen', 'leerling', '4havo', '2018-08-31', '2019-08-31', NULL, NULL, NULL, NULL, NULL, NULL),
(1059, 'Eijkhagen600358', 'Eijkhagen600358', '$2y$10$3NWuNmWAfVdtvOBlryl6vunS0SiPZh.pGtTlnAAZ9dKWZYMCtz66i', 'Eijkhagen', 'leerling', '4havo', '2018-08-31', '2019-08-31', NULL, NULL, NULL, NULL, NULL, NULL),
(1060, 'Eijkhagen113020', 'Eijkhagen113020', '$2y$10$XSHaOkOhRMfmoV.A5JJ3x.oH1B.Zq.LvBVV2wx5DFBNWGQajd/iAy', 'Eijkhagen', 'leerling', '4havo', '2018-08-31', '2019-08-31', NULL, NULL, NULL, NULL, NULL, NULL),
(1061, 'Eijkhagen833026', 'Eijkhagen833026', '$2y$10$iFGtc0TOcmkdE//7eBmp1u6jawXCjIAC/Ri0ZyXbde.ypKlriLYzy', 'Eijkhagen', 'leerling', '4havo', '2018-08-31', '2019-08-31', NULL, NULL, NULL, NULL, NULL, NULL),
(1062, 'Eijkhagen024458', 'Eijkhagen024458', '$2y$10$NZyFY3qN1DN4tVU9JQ76yu65Vmtg28EKu0/F9qARyAXuNx5X5HOLm', 'Eijkhagen', 'leerling', '4vwo', '2018-08-31', '2019-08-31', NULL, NULL, NULL, NULL, NULL, NULL),
(1063, 'Eijkhagen123822', 'Eijkhagen123822', '$2y$10$OhHZ9T4hQ9rHmyt1vPkKZeUH867z5uHEhAf4ieNV3kNU24kbthoZW', 'Eijkhagen', 'leerling', '4vwo', '2018-08-31', '2019-08-31', NULL, NULL, NULL, NULL, NULL, NULL),
(1064, 'Eijkhagen621847', 'Eijkhagen621847', '$2y$10$E7CMLcMAsFW3cHY7uQv9DeS8ldPsBUgGdkBIvjVKwS9Hvae8kA6SS', 'Eijkhagen', 'leerling', '4vwo', '2018-08-31', '2019-08-31', NULL, NULL, NULL, NULL, NULL, NULL),
(1065, 'Eijkhagen589367', 'Eijkhagen589367', '$2y$10$NklD.bXhsqd5AoB6mRu7ROFqiZ6f.VsEZ7hy8R1o7wI1bzjZUS.8C', 'Eijkhagen', 'leerling', '4vwo', '2018-08-31', '2019-08-31', NULL, NULL, NULL, NULL, NULL, NULL),
(1066, 'Eijkhagen214015', 'Eijkhagen214015', '$2y$10$n9kz6rGPkg/3h8jMX4mMhej7dGCYoRz6eq09WCpAchPxeNUlQXegi', 'Eijkhagen', 'leerling', '4vwo', '2018-08-31', '2019-08-31', NULL, NULL, NULL, NULL, NULL, NULL),
(1067, 'Eijkhagen249801', 'Eijkhagen249801', '$2y$10$oj9MSvpn80RWUbOtpMD1l.mP.13QN4FK1z6elTN8h.M6uYCbyY2RC', 'Eijkhagen', 'leerling', '5vwo', '2018-08-31', '2019-08-31', NULL, NULL, NULL, NULL, NULL, NULL),
(1068, 'Eijkhagen230100', 'Eijkhagen230100', '$2y$10$i3.Nedu2DywLMd5WYhDjIeftIvSNsBLWK8J3XkiAlH64Qr7mqiXWq', 'Eijkhagen', 'leerling', '5vwo', '2018-08-31', '2019-08-31', NULL, NULL, NULL, NULL, NULL, NULL),
(1069, 'Eijkhagen774459', 'Eijkhagen774459', '$2y$10$R1iuD8mRHBWbLBfpwIKsCe8SYwlAW5fIWzh.nwPdHNiZ1xOVZ07Pi', 'Eijkhagen', 'leerling', '5vwo', '2018-08-31', '2019-08-31', NULL, NULL, NULL, NULL, NULL, NULL),
(1070, 'Eijkhagen934328', 'Eijkhagen934328', '$2y$10$WR8.LXdOnsmvxV/hlYtz4OtaO5puNbroFraSITiYER2ZrUEStnDsS', 'Eijkhagen', 'leerling', '5vwo', '2018-08-31', '2019-08-31', NULL, NULL, NULL, NULL, NULL, NULL),
(1071, 'Eijkhagen344108', 'Eijkhagen344108', '$2y$10$yFNqTffe0TYAWgd19oN3P.LP4kiwHL5NdCjwzEdvErNg6tTxTMj6W', 'Eijkhagen', 'leerling', '5vwo', '2018-08-31', '2019-08-31', NULL, NULL, NULL, NULL, NULL, NULL),
(1072, 'casus 1996094', 'casus 1996094', '$2y$10$6O5Dctgainn4Ndz9u0PAmuu8g/WDodOBZTi3FfLdDE0FCF4jyGTie', 'casus 1', 'leerling', 'casus', '2018-10-16', '2019-10-16', NULL, NULL, NULL, 0, NULL, NULL),
(1073, 'casus 1203400', 'casus 1203400', '$2y$10$Zv9JnJYVWRcdvTRL4CPGoeOiSxMkO1LeuyG2lOlG5aH10zqMMtYMW', 'casus 1', 'leerling', 'casus', '2018-10-16', '2019-10-16', NULL, NULL, NULL, NULL, NULL, NULL),
(1074, 'casus 1599305', 'casus 1599305', '$2y$10$BCu/vDHaW5xSrSOAbUnuE.UyIVXH3xvhWfBYM/xZ6Rz6meEmb46ju', 'casus 1', 'leerling', 'casus', '2018-10-16', '2019-10-16', NULL, NULL, NULL, NULL, NULL, NULL),
(1075, '637163', '637163', '$2y$10$9af15dkgBdYB9hlMzTMvHuXoST3eLDwSqqgSVrhlOjYnEFJ9.mx42', '', 'docent', NULL, '2019-01-21', '2020-01-21', NULL, NULL, NULL, NULL, NULL, NULL),
(1076, '878225', '878225', '$2y$10$3eDHA3e/KzXcCWBUtMPAu.4Kz8RQlptU64h1C.X8z1Hilz8Fo5EAi', '', 'leerling', 'A', '2019-01-21', '2020-01-21', NULL, NULL, NULL, NULL, NULL, NULL),
(1077, '363018', '363018', '$2y$10$B9wLU3TsNV5e/Cl1W6H0TuDO5a3UN56h0fYufVJzF0uTJggALTcEi', '', 'leerling', 'B', '2019-01-21', '2020-01-21', NULL, NULL, NULL, NULL, NULL, NULL),
(1078, '587386', '587386', '$2y$10$jUHIv78E5m67PzApO42S9.OpF1ij/QZlcDgweGFQkvJ../CCz5oVu', '', 'leerling', 'B', '2019-01-21', '2020-01-21', NULL, NULL, NULL, NULL, NULL, NULL),
(1079, '589356', '589356', '$2y$10$Gyrb29BXiAvCni7EVq.li.vSHrcX7uMEJsuApP82dj34eKqLuEJx6', '', 'leerling', 'C', '2019-01-21', '2020-01-21', NULL, NULL, NULL, NULL, NULL, NULL),
(1080, '354238', '354238', '$2y$10$Fr.vN/1qPyWkB7Ji/etcwOS57TNCP3quIMG/zLfqscwX.mXPtkxPC', '', 'leerling', 'C', '2019-01-21', '2020-01-21', NULL, NULL, NULL, NULL, NULL, NULL),
(1081, '381514', '381514', '$2y$10$qJKgv.GZ8cdrpPNkaQRTIuuh4IxsXPnJrsF1KnllWpyc3ZfA56mjy', '', 'leerling', 'C', '2019-01-21', '2020-01-21', NULL, NULL, NULL, NULL, NULL, NULL),
(1082, '966503', '966503', '$2y$10$N8lQNgsXSO9HvitwWWFvjewSAyodycOuAfl2tVnCNB5cAHkiah8OW', '', 'docent', NULL, '2019-01-21', '2020-01-21', NULL, NULL, NULL, NULL, NULL, NULL),
(1083, '875167', '875167', '$2y$10$cS9ExDkNUeWQgdmy/rkSueFpCGjjG6mVjnaq7qtPA9iMScnELUEsS', '', 'leerling', 'A', '2019-01-21', '2020-01-21', NULL, NULL, NULL, NULL, NULL, NULL),
(1084, '437252', '437252', '$2y$10$kYSaPWI/i6fdwKXqDt8XmuLuQTevA/bF8X7Xku1JL.YsDpwa8SD62', '', 'leerling', 'B', '2019-01-21', '2020-01-21', NULL, NULL, NULL, NULL, NULL, NULL),
(1085, '955330', '955330', '$2y$10$zUtsydxSrtuFbEEFf2Bm/eqV2RUUF5oCnyvIKA6zBCz5icDab5pO.', '', 'leerling', 'B', '2019-01-21', '2020-01-21', NULL, NULL, NULL, NULL, NULL, NULL),
(1086, '109970', '109970', '$2y$10$sV4aRaNYznk6dTL2x9vhpu3qb.75SciJKmZfuPGx3sRq77lL5y9Ey', '', 'leerling', 'C', '2019-01-21', '2020-01-21', NULL, NULL, NULL, NULL, NULL, NULL),
(1087, '681154', '681154', '$2y$10$ELPTG8truyhACYqVxzbjQ.is6EQpIxN/tsQdH7flscuGu64JdbnO6', '', 'leerling', 'C', '2019-01-21', '2020-01-21', NULL, NULL, NULL, NULL, NULL, NULL),
(1088, '598488', '598488', '$2y$10$kwhO9coIHiBVCdkJAWxcpeNZtL12.T3nbI2Rh7oKKZb8Dj6PkUMe.', '', 'leerling', 'C', '2019-01-21', '2020-01-21', NULL, NULL, NULL, NULL, NULL, NULL),
(1089, '858978', '858978', '$2y$10$v9ozK5yCevox176xGJhnu./5LTXczm.gktu/Sw2AN3eTcLobQeLYK', '', 'docent', NULL, '2019-01-21', '2020-01-21', NULL, NULL, NULL, NULL, NULL, NULL),
(1090, '666845', '666845', '$2y$10$qFZhfnUHzvxrT2tDV6eQEOencIpQvIGMBVPKv.wY2PDtniJLrd0bq', '', 'leerling', 'A', '2019-01-21', '2020-01-21', NULL, NULL, NULL, NULL, NULL, NULL),
(1091, '728906', '728906', '$2y$10$89G4vKyu/SzWEBBA5EKnb.7eqn0Sdl652gBRo0xQ0uqT.1vXHa6N6', '', 'leerling', 'B', '2019-01-21', '2020-01-21', NULL, NULL, NULL, NULL, NULL, NULL),
(1092, '496441', '496441', '$2y$10$XL5l9xVoFPa/GFgjgB4BDewQWJiMw9Xug57/vNdQAIZfaQA1SxJfa', '', 'leerling', 'B', '2019-01-21', '2020-01-21', NULL, NULL, NULL, NULL, NULL, NULL),
(1093, '889704', '889704', '$2y$10$nNiN6Fw8lcKL2qsJIByRZ.mL9yGLQblspSSLX3vEsAghRalZFAGQ6', '', 'leerling', 'C', '2019-01-21', '2020-01-21', NULL, NULL, NULL, NULL, NULL, NULL),
(1094, '614419', '614419', '$2y$10$1Xnt0DyvAqL.ztk1JUyvf.fAMB3ODO2BD10qwCrsr65kOMbPlzK.W', '', 'leerling', 'C', '2019-01-21', '2020-01-21', NULL, NULL, NULL, NULL, NULL, NULL),
(1095, '466248', '466248', '$2y$10$65C0NV1.RK2GM1YhWk99IuB9S8JGyaWWUeEuki.3o6DkNIGWn9AuG', '', 'leerling', 'C', '2019-01-21', '2020-01-21', NULL, NULL, NULL, NULL, NULL, NULL),
(1096, '716875', '716875', '$2y$10$2..MPTELOjH28tRE4psG4.pVgLfsxxKyjaCfJisbn1iuLJyh8Pq1W', '', 'docent', NULL, '2019-01-21', '2020-01-21', NULL, NULL, NULL, NULL, NULL, NULL),
(1097, '507645', '507645', '$2y$10$fblqh.n.bo.ydbHZBgj.we/DEHf2rz3jM35a89E/1b7ztv3JrE71C', '', 'leerling', 'A', '2019-01-21', '2020-01-21', NULL, NULL, NULL, NULL, NULL, NULL),
(1098, '875387', '875387', '$2y$10$PaVzrlFSsRLi.osw9LyhN.xE7GE4exrW1iElljd.LSbvstSrppNrm', '', 'leerling', 'B', '2019-01-21', '2020-01-21', NULL, NULL, NULL, NULL, NULL, NULL),
(1099, '535914', '535914', '$2y$10$GGRHj999SMSlQmLN3HNpPegfI7IGP1oX04FZCjp5p3w10CvV.h6w.', '', 'leerling', 'B', '2019-01-21', '2020-01-21', NULL, NULL, NULL, NULL, NULL, NULL),
(1100, '628166', '628166', '$2y$10$sSEEvL4H7MJywrum2dG/6.majlMgjgPOg8V9zQ/qT8TmuM9/uiQRq', '', 'leerling', 'C', '2019-01-21', '2020-01-21', NULL, NULL, NULL, NULL, NULL, NULL),
(1101, '495187', '495187', '$2y$10$XylAjoDHE1w9xv26WmpOo.KCwCI60YAeYAv7mdmRSbtZqs95waADS', '', 'leerling', 'C', '2019-01-21', '2020-01-21', NULL, NULL, NULL, NULL, NULL, NULL),
(1102, '033916', '033916', '$2y$10$8GyyeJo5XVcSPMAalURC.e7QK31NWp.DiXNYoEwnUfNMg9JdArdHO', '', 'leerling', 'C', '2019-01-21', '2020-01-21', NULL, NULL, NULL, NULL, NULL, NULL),
(1103, '677558', '677558', '$2y$10$uggCP4Kp3euOn2DIaZxoYOAoMwm0ZllyDh6TY2JlO8cDcKV8RsSM2', '', 'docent', NULL, '2019-01-21', '2020-01-21', NULL, NULL, NULL, NULL, NULL, NULL),
(1104, '867261', '867261', '$2y$10$Zf90a8CmxYpCUEACJgg6H.Y3NJz.iiQGD4Sj4XpuznCq7dneKCmx6', '', 'leerling', 'A', '2019-01-21', '2020-01-21', NULL, NULL, NULL, NULL, NULL, NULL),
(1105, '202340', '202340', '$2y$10$0AgNc0yzbuhPP8Y3w3JiROM8tXFIcX0jENER03WmhXm8F0TXvcHNa', '', 'leerling', 'B', '2019-01-21', '2020-01-21', NULL, NULL, NULL, NULL, NULL, NULL),
(1106, '330515', '330515', '$2y$10$L1NIVGjTH6Thz4SQeoDmqOXrsoWlL8nPrA8p.dsGu0X5pQDrhEu7W', '', 'leerling', 'B', '2019-01-21', '2020-01-21', NULL, NULL, NULL, NULL, NULL, NULL),
(1107, '395561', '395561', '$2y$10$3fKaY5pk1hhYmZ/FHUoSVuFvW/2GO/BY2HnXJ7xpRgKhgQzlbAKkG', '', 'leerling', 'C', '2019-01-21', '2020-01-21', NULL, NULL, NULL, NULL, NULL, NULL),
(1108, '957410', '957410', '$2y$10$ls15jrePdlwmf8GIa2SvfewgNVc1f3qsiASHn5/mypP436vlgD9mS', '', 'leerling', 'C', '2019-01-21', '2020-01-21', NULL, NULL, NULL, NULL, NULL, NULL),
(1109, '093322', '093322', '$2y$10$rUgJZx87Py.5/7WOWMBwc.UfpQNHOi2xagQyKO6aZc0rX.o.UmQpK', '', 'leerling', 'C', '2019-01-21', '2020-01-21', NULL, NULL, NULL, NULL, NULL, NULL);

--
-- Indexen voor geëxporteerde tabellen
--

--
-- Indexen voor tabel `groepen`
--
ALTER TABLE `groepen`
  ADD PRIMARY KEY (`id`);

--
-- Indexen voor tabel `planner`
--
ALTER TABLE `planner`
  ADD PRIMARY KEY (`id`);

--
-- Indexen voor tabel `progressie`
--
ALTER TABLE `progressie`
  ADD PRIMARY KEY (`userid`);

--
-- Indexen voor tabel `quiz`
--
ALTER TABLE `quiz`
  ADD PRIMARY KEY (`id`);

--
-- Indexen voor tabel `theorie`
--
ALTER TABLE `theorie`
  ADD PRIMARY KEY (`theory_id`);

--
-- Indexen voor tabel `users`
--
ALTER TABLE `users`
  ADD PRIMARY KEY (`id`);

--
-- AUTO_INCREMENT voor geëxporteerde tabellen
--

--
-- AUTO_INCREMENT voor een tabel `groepen`
--
ALTER TABLE `groepen`
  MODIFY `id` int(11) NOT NULL AUTO_INCREMENT, AUTO_INCREMENT=2;

--
-- AUTO_INCREMENT voor een tabel `planner`
--
ALTER TABLE `planner`
  MODIFY `id` int(11) NOT NULL AUTO_INCREMENT, AUTO_INCREMENT=43;

--
-- AUTO_INCREMENT voor een tabel `quiz`
--
ALTER TABLE `quiz`
  MODIFY `id` int(11) NOT NULL AUTO_INCREMENT, AUTO_INCREMENT=23;

--
-- AUTO_INCREMENT voor een tabel `theorie`
--
ALTER TABLE `theorie`
  MODIFY `theory_id` int(11) NOT NULL AUTO_INCREMENT, AUTO_INCREMENT=33;

--
-- AUTO_INCREMENT voor een tabel `users`
--
ALTER TABLE `users`
  MODIFY `id` int(11) NOT NULL AUTO_INCREMENT, AUTO_INCREMENT=1110;
COMMIT;

/*!40101 SET CHARACTER_SET_CLIENT=@OLD_CHARACTER_SET_CLIENT */;
/*!40101 SET CHARACTER_SET_RESULTS=@OLD_CHARACTER_SET_RESULTS */;
/*!40101 SET COLLATION_CONNECTION=@OLD_COLLATION_CONNECTION */;
